"","barcode","Genotype","line","compartment","plant_height","branch_number","pod_weight_plant","main","pods_plant","pods_branch","weight_pod","first_flowers_DAS","peak_flowers_DAS","flowering_days_to_peak","total_flowering_days","pixel.day_peak","pixel.days_to_peak","total_pixel.days","mean_pixel.days_to_peak","R01_raceme_start","R02_mean_rate","R03_max_rate","R04_DAS_of_max_rate","R05_main_ext_period","R06_50ht_period","R07_75ht_period","R08_50ht_rate","R09_75ht_rate","R10_max_height","R11_max_height_DAS","R12_extension_days_to_max","seed wt_10p_g","seeds_per_pod","TGW_g","BBCH51","BBCH61"
"1","BR024-01111","R2","L1","C5",104,9,50.6,29,182,18,0.278021978,48,63,16,25,6595,41405,71610,2587.8125,46.00694444,63.63859828,91.00315983,49.00694444,11.13003773,4.906297381,7.800820629,78.57248961,75.28054136,1107,90.00699074,44.0000463,12337,26,4.84,38,46
"2","BR024-01112","R2","L2","C5",125,11,53.3,47,207,17,0.257487923,50,63,14,26,16047,96232,163664,6873.714286,48.10287037,67.98879052,108.00125,51.10296296,13.39191348,5.601257578,9.868438868,87.92668309,76.37986211,1345,67.1030787,19.00020833,14927,27,5.51,41,52
"3","BR024-01113","R2","L5","C5",124,9,48.6,36,181,18,0.268508287,46,57,12,24,13454,66739,132028,5561.583333,44.27431713,65.64811204,106.0282251,48.27421296,13.97298371,5.897120513,10.116294,85.21107868,75.29931415,1337,100.2743056,55.99998843,13570,25,5.36,38,46
"4","BR024-01114","R2","L7","C5",120,9,42.9,43,169,17,0.253846154,49,60,12,23,13612,77097,155979.5,6424.75,46.39873843,65.57619154,89.03503694,49.39701389,14.1438528,6.453858396,10.86499731,80.80437593,71.35298592,1315,66.39761574,19.99887731,12632,26,4.95,41,50
"5","BR024-01215","R2","L1","C6",118,9,50.6,NA,NA,NA,NA,47,58,12,26,12995,62093,140874,5174.416667,45.53640046,62.98584685,108.0637877,48.53604167,12.7917626,5.732102175,9.37222326,75.4522489,71.0343727,1233,64.53609954,18.99969907,13248,28,4.73,40,550
"6","BR024-01216","R2","L2","C6",115,9,47.6,34,172,17,0.276744186,46,58,13,22,11967,63677,111210,4898.230769,44.59979167,69.17080145,87.02014355,48.59914352,12.06144764,6.149174036,9.337867442,74.72548301,74.29426519,1237,99.61394676,55.01415509,14656,29,5.12,39,47
"7","BR024-01217","R2","L5","C6",127,10,47.9,NA,NA,NA,NA,48,59,12,22,11150,61172,112448,5097.666667,45.77006944,66.81947854,94.04136078,49.7691088,13.01117607,5.976410196,8.947552083,80.8177458,80.97186731,1266,92.76962963,46.99956019,11133,21,5.35,41,50
"8","BR024-01218","R2","L7","C6",119,10,54.4,NA,NA,NA,NA,48,58,11,22,13319,62611,121441,5691.909091,44.88809028,67.60669773,99.27576602,47.88568287,14.0178419,6.774506917,10.83972694,77.71783341,72.85700132,1353,64.885625,19.99753472,11873,23,5.25,41,50
"9","BR024-02111","R1","L1","C5",113,9,50.7,NA,NA,NA,NA,53,67,15,25,3545,25880,41830,1725.333333,47.00733796,63.22203191,87,51.00738426,12.56049475,5.517079388,9.222851814,78.75543734,71.48005989,1199,80.00737269,33.00003472,10422,27,3.87,39,50
"10","BR024-02112","R1","L2","C5",112,7,50,NA,NA,NA,NA,49,68,20,31,7430,65250,93666,3262.5,46.11133102,39.72805551,77.99638906,49.1106713,19.76940451,5.743045465,9.449594329,74.35079568,68.89184629,1196,77.11100694,30.99967593,10920,30,3.69,39,50
"11","BR024-02113","R1","L5","C5",116,11,52.7,4,192,16,0.274479167,48,62,15,39,10340,64676,123186,4311.733333,45.26980324,67.15448724,101.9929172,49.26984954,12.92690981,5.691919143,9.156265553,85.82342576,79.262664,1249,67.26997685,22.00017361,12751,30,4.29,39,49
"12","BR024-02114","R1","L7","C5",110,9,50,41,220,22,0.227272727,50,62,13,34,9230,51510,110945,3962.307692,46.37304398,65.7388699,80.44230393,50.37876157,11.93205787,5.80433652,8.910262283,75.46082115,73.45462784,1166,80.39947917,34.02643519,13443,35,3.87,39,50
"13","BR024-02215","R1","L1","C6",120,10,49.2,NA,NA,NA,NA,48,67,20,25,4995,45710,59890,2285.5,46.51091435,60.78333193,86.0079637,48.51077546,10.67562405,4.806992394,7.819338027,74.16279677,68.96363837,1031,68.51081019,21.99989583,8262,27,3.02,39,49
"14","BR024-02216","R1","L2","C6",116,10,49.9,NA,NA,NA,NA,46,58,13,27,7810,42405,64945,3261.923077,43.5984838,57.78478157,77.0267454,47.59827546,12.81306219,5.860820795,9.147345328,71.32106827,67.72456683,1106,92.59859954,49.00011574,10662,31,3.43,38,46
"15","BR024-02217","R1","L4","C6",117,9,52.7,41,225,23,0.234222222,47,62,16,26,9910,77165,119955,4822.8125,43.72287037,65.64587236,88.02241311,47.72265046,12.84772324,6.397053656,9.841159819,73.94028961,71.58709065,1226,81.72274306,37.99987269,11892,29,4.1,38,48
"16","BR024-02218","R1","L6","C6",121,11,51.4,37,238,20,0.215966387,49,61,13,24,10040,59307,99342,4562.076923,44.82006944,66.14013763,95.02639622,48.81894676,13.17505574,6.242606838,9.92021083,78.33266017,73.38553711,1256,71.83283565,27.0127662,10899,35,3.11,39,48
"17","BR024-03111","O1","L1","C5",57,6,27.6,129,515,74,0.053592233,55,83,29,40,7320,68777.5,95437.5,2371.637931,59.00896991,8.592188455,22.00076392,59.00896991,18.57501157,3.999976852,15.31248843,14.50008391,7.934699875,554,90.00899306,31.00002315,0,0,NA,39,50
"18","BR024-03112","O1","L3","C5",70,6,25.6,NA,NA,NA,NA,52,83,32,44,13190,119252.5,185677.5,3726.640625,55.15957176,11.80771446,26.00511675,56.159375,26.7875719,6.911777301,21.30487015,21.62974782,11.91042227,717,97.16539352,42.00582176,177,1,2.95,39,51
"19","BR024-03113","O1","L4","C5",62,6,20.2,120,491,70,0.04114053,52,82,31,41,7045,63975,93772.5,2063.709677,63.2068287,22.30743691,142.9652515,70.20708333,10.71391576,6.559588109,8.729390252,12.6532335,20.67727468,690,76.20689815,13.00006944,0,0,NA,40,53
"20","BR024-03114","O1","L7","C5",70,6,22.7,NA,NA,NA,NA,53,80,28,41,9410,97437.5,153475,3479.910714,57.37111111,6.916752536,64.00889012,69.37108796,37.22845348,11.41412073,22.58377423,9.418158658,8.911265138,675,104.3710301,46.99991898,294,1,3.27,39,53
"21","BR024-03215","O1","L2","C6",75,5,25.4,NA,NA,NA,NA,53,83,31,43,17085,179482.5,228817.5,5789.758065,55.58657407,14.45379056,43.00696872,55.58657407,27.84044769,8.14292328,21.91691744,24.56120402,14.89716795,806,103.5870139,48.00043981,0,0,NA,41,54
"22","BR024-03216","O1","L3","C6",65,5,24.7,NA,427,71,0.057845433,51,76,26,40,11530,94598.5,175316,3638.403846,60.65422454,13.81371275,31.99370494,68.65415509,17.091712,7.921790184,13.15237747,12.18158999,13.97085816,649,95.65418981,34.99996528,0,0,NA,39,54
"23","BR024-03217","O1","L4","C6",70,5,26.8,NA,NA,NA,NA,45,71,27,44,12105,98384,161619,3643.851852,50.71436343,16.89188558,39.00677201,52.71412037,18.75456701,4.36359112,8.37489294,34.8336945,30.44815042,712,77.71447917,27.00011574,102,0,2.55,37,45
"24","BR024-03218","O1","L5","C6",67,7,27.4,98,604,76,0.045364238,52,81,30,44,11330,118517.5,161582.5,3950.583333,58.78840278,12.67810099,88.00713021,67.78886574,17.76291262,5.625180845,11.83375772,16.71057386,14.87270605,628,97.78931713,39.00091435,468,1,3.6,39,51
"25","BR024-06111","O4","L6","C5",94,3,37.9,59,302,76,0.125496689,56,76,21,43,26567,258294.5,435810,12299.7381,58.32680556,23.68845587,35.98792072,59.3271412,22.54262595,8.767100694,17.26352887,30.79695436,25.19762924,960,89.32711806,31.0003125,3448,19,1.83,43,66
"26","BR024-06112","O4","L3","C5",67,5,35.2,NA,NA,NA,NA,57,76,20,41,26224,254692,466859,12734.6,58.16930556,22.73897024,35.99833341,60.16927083,23.00016204,9.444600051,18.54787147,28.27012246,23.02150954,940,99.17513889,41.00583333,3435,17,2.06,46,60
"27","BR024-06113","O4","L5","C5",84,5,36.2,13,254,42,0.142519685,57,76,20,48,25374,275625.5,459323.5,13781.275,57.27087963,23.02119278,35.99750017,59.27097222,19.4168914,7.384683048,12.91314513,31.28096338,28.34321123,840,95.27112269,38.00024306,4038,17,2.38,43,59
"28","BR024-06114","O4","L7","C5",65,4,32,NA,NA,NA,NA,57,77,21,39,24197,226329.5,413671.5,10777.59524,59.36643519,22.55568874,34.02047529,61.36606481,21.58657205,8.939934722,17.25888662,27.12547771,22.90124553,911,99.32357639,39.9571412,3343,18,1.89,46,60
"29","BR024-06215","O4","L1","C6",75,4,34.7,NA,NA,NA,NA,56,75,20,35,23646,241943,360549.5,12097.15,57.53335648,23.44433904,39.99398239,59.53019676,20.02615639,8.213422454,13.82365212,28.18557079,27.50720263,895,90.53010417,32.99674769,3644,17,2.11,46,59
"30","BR024-06216","O4","L3","C6",91,4,32.9,37,223,45,0.147533632,54,75,22,41,21242,255797.5,392313.5,11627.15909,56.64972222,24.88394938,47.99722238,58.64987269,19.98878845,6.615542201,16.73442587,37.94095667,24.2016071,916,101.6900231,45.04030093,4376,20,2.17,41,57
"31","BR024-06217","O4","L4","C6",86,4,32.5,34,222,44,0.146396396,54,76,23,44,20342,270361.5,413478,11754.84783,56.72704861,24.74090514,43.00497743,58.72681713,18.53610438,6.428561508,13.32136161,36.86672356,28.18780926,854,90.72703704,33.99998843,4713,19,2.52,41,57
"32","BR024-06218","O4","L7","C6",62,4,35,NA,NA,NA,NA,56,77,22,40,23578,276935.5,414099.5,12587.97727,56.85546296,25.55406772,48.00222233,58.85543981,18.29063009,6.7998125,12.89560836,34.26565071,29.42862324,886,91.8234375,34.96797454,4048,17,2.33,41,57
"33","BR024-07111","C1","L1","C5",98,7,20.1,NA,NA,NA,NA,62,72,11,31,1595,8195,14537.5,745,52.01232639,29.45458419,69.00079862,55.01231481,21.99997106,7.023232935,12.69443287,51.25844513,42.538332,1020,99.01229167,46.99996528,1950,5,3.75,48,63
"34","BR024-07112","C1","L3","C5",100,8,32.1,NA,NA,NA,NA,60,75,16,29,6780,51458,91793,3216.125,51.16333333,42.55609166,81.00750069,53.16313657,16.64626549,6.477299032,11.51393519,61.4453645,51.41595731,1076,92.16516204,41.0018287,2480,9,2.67,46,64
"35","BR024-07113","C1","L5","C5",104,6,30.5,65,515,74,0.059223301,61,78,18,26,8485,73815,92462.5,4100.833333,51.26505787,44.21096189,78.99085754,53.26516204,15.55722768,6.660881788,11.17575404,56.29885231,51.04800966,1082,85.26513889,34.00008102,2705,11,2.44,46,62
"36","BR024-07114","C1","L5","C5",115,8,31.4,40,511,57,0.061448141,61,77,17,23,8535,70422.5,100705,4142.5,50.28126157,41.30036125,88.98867042,53.28152778,18.74075617,6.522884049,12.41405372,64.69530914,51.71558095,1180,95.28157407,45.0003125,2309,9,2.68,48,62
"37","BR024-07215","C1","L1","C6",98,4,16.5,83,253,51,0.065217391,60,66,7,23,2805,10105,20235,1443.571429,50.5233912,35.76433986,67.99763897,52.52337963,19.88572983,7.189166274,12.50001736,55.63927509,47.55993394,1078,89.52342593,39.00003472,3165,9,3.68,46,60
"38","BR024-07216","C1","L3","C6",86,8,19.3,NA,NA,NA,NA,62,79,18,28,2570,12642.5,19425,702.3611111,54.6700463,32.83132085,60.99223478,55.67017361,13.94095602,4.904628329,9.130208218,49.035316,41.20935591,843,84.41799769,29.74795139,2643,10,2.75,48,63
"39","BR024-07217","C1","L5","C6",102,9,22.9,80,420,42,0.05452381,59,67,9,26,3295,17660,37027.5,1962.222222,49.77571759,49.14028622,94.01196912,52.7756713,14.17167163,5.535906498,10.10030093,70.44916675,57.57254207,1066,86.77613426,37.00041667,2496,9,2.94,46,61
"40","BR024-07218","C1","L7","C6",106,9,27.6,NA,NA,NA,NA,59,71,13,26,5890,44040,71092.5,3387.692308,49.88378472,46.29884828,102.0425177,52.88394676,17.09113789,6.190662847,11.38025538,71.80168117,58.10502295,1167,94.88510417,45.00131944,2055,4,5.01,46,61
"41","BR024-08111","C2","L1","C5",156,18,8.5,NA,NA,NA,NA,63,78,16,32,20955,169607.5,265857.5,10600.46875,50.01342593,56.04029995,107.9950002,54.01344907,23.88459736,7.846598932,16.01564761,94.88187257,69.66624313,1785,90.01344907,40.00002315,2018,3,5.94,50,65
"42","BR024-08112","C2","L3","C5",155,16,16.4,131,286,17,0.057342657,62,80,19,28,40590,326809.5,445129.5,17200.5,49.16710648,62.20528126,138.012779,53.1669213,22.1042325,7.772779882,14.93934379,98.67769468,76.77713402,1820,82.1672338,33.00012731,2355,4,5.48,50,66
"43","BR024-08113","C2","L4","C5",175,15,4.2,80,145,9,0.028965517,68,81,14,28,15145,64600,147727.5,4614.285714,52.23100694,47.00248815,111.0115637,54.2309838,27.68576837,9.070437543,15.38261149,77.44940602,69.99786745,1797,89.23123843,37.00023148,286,1,2.38,53,72
"44","BR024-08114","C2","L7","C5",155,17,4.4,NA,NA,NA,NA,65,77,13,25,18975,123697.5,212902.5,9515.192308,50.37387731,64.84766417,120.9663982,53.36751157,17.99756421,6.907559682,12.25405357,92.5797285,79.09627571,1619,95.36798611,44.9941088,1350,2,5.63,50,67
"45","BR024-08215","C2","L1","C6",168,15,23.4,NA,NA,NA,NA,62,80,19,43,26995,237390,332032.5,12494.21053,50.53489583,62.81423062,145.9932411,55.53490741,19.4000625,6.672477591,12.54690954,100.2626072,80.69716265,1674,83.53494213,33.0000463,3157,6,5.35,50,67
"46","BR024-08216","C2","L3","C6",145,17,29.8,55,514,29,0.057976654,61,79,19,28,11380,119435,155635,6286.052632,49.64048611,70.28559904,130.9893874,52.64055556,16.10998576,5.468776403,10.80499323,112.9137406,86.92740292,1587,85.64043981,35.9999537,2943,7,4.27,50,64
"47","BR024-08217","C2","L5","C6",150,15,9.3,83,253,16,0.036758893,61,75,15,26,25305,189485,318717.5,12632.33333,48.77284722,69.92008521,141.0179537,52.77237269,17.85323911,6.897046395,12.23822391,100.5502878,85.0000791,1687,98.77296296,50.00011574,1974,4,5.64,50,66
"48","BR024-08218","C2","L5","C6",167,15,2,NA,NA,NA,NA,64,81,18,26,14865,125545,180702.5,6974.722222,51.78996528,50.05419504,116.9553296,55.7902662,28.07556887,8.969375494,16.62183118,87.24130242,70.49463967,1857,86.79033565,35.00037037,453,1,3.78,53,67
"49","BR024-09111","J1","L1","C5",142,14,53.4,32,956,64,0.055857741,46,63,18,38,31460,206535,406691,11474.16667,42.01461806,70.83587361,137.9968056,44.01458333,15.71943626,6.903272438,11.8749349,93.21666004,78.9267485,1475,67.01452546,24.99990741,2636,11,2.49,38,46
"50","BR024-09112","J1","L3","C5",156,4,56.2,NA,NA,NA,NA,53,66,14,27,36641,238326,428751.5,17023.28571,48.13986111,82.29451534,179.9666728,51.13989583,15.62558568,6.657376457,11.88691032,110.1785373,90.75108428,1681,75.14592593,27.00606481,2873,14,2.02,42,53
"51","BR024-09113","J1","L4","C5",150,13,52.6,36,931,67,0.056498389,47,63,17,37,35976,226430,474503.5,13319.41176,43.21652778,45.18188864,150.9615607,45.21648148,26.48848988,8.430726772,14.74967014,80.65734051,68.00152075,1592,82.21640046,38.99987269,3478,15,2.29,39,50
"52","BR024-09114","J1","L5","C5",153,16,52.7,43,984,58,0.053556911,47,63,17,34,43619,261425,540596.5,15377.94118,43.2859838,48.9372156,139.9983796,45.28601852,25.29976389,8.991363681,15.25461705,79.91001426,68.38913073,1599,77.2859838,34,2465,11,2.3,39,48
"53","BR024-09215","J1","L2","C6",158,15,59.8,43,890,56,0.067191011,46,61,16,31,38151,220425,472414.5,13776.5625,42.59163194,55.53097599,142.9801416,44.59190972,22.97276389,9.240575489,14.81865104,80.35213834,72.59432704,1633,101.6359606,59.0443287,2764,13,2.11,39,50
"54","BR024-09216","J1","L2","C6",145,16,50.4,52,1034,61,0.048742747,47,61,15,29,44926,218602,482968,14573.46667,43.60905093,55.74598396,125.0014468,45.60925926,19.54759648,8.456305276,14.76943782,72.90417976,61.76606118,1483,76.60873843,32.9996875,2742,13,2.16,39,50
"55","BR024-09217","J1","L4","C6",140,11,53.6,NA,NA,NA,NA,46,61,16,40,37503,203832,473975,12739.5,42.72409722,53.3276155,127,46.72403935,21.02475405,10.30368257,15.67800678,63.08424155,60.24362748,1478,74.77864583,32.05454861,2843,13,2.24,39,48
"56","BR024-09218","J1","L7","C6",142,11,52.6,NA,NA,NA,NA,48,62,15,30,32290,192036,368276,12802.4,43.8621875,64.99604082,202.4545855,47.86049769,18.04879167,7.540402077,12.4166985,90.9102715,79.75147342,1519,74.87517361,31.01298611,2823,13,2.21,40,48
"57","BR024-10111","J2","L1","C5",170,15,41.1,NA,NA,NA,NA,59,77,19,47,35009,276160,481314.5,14534.73684,52.01565972,58.58968936,139.0032177,55.01564815,23.48706769,8.874958044,16.59145657,87.49337137,69.38812124,1799,89.01565972,37,1861,10,1.88,50,63
"58","BR024-10112","J2","L2","C5",158,15,47.3,NA,NA,NA,NA,57,72,16,34,35441,221685,462375.5,13855.3125,50.09584491,60.10760186,134.0077551,53.09582176,21.30678917,7.828263527,14.83497679,93.9544252,72.54814181,1663,89.09618056,39.00033565,1874,13,1.49,47,57
"59","BR024-10113","J2","L4","C5",164,15,43,49,1433,90,0.030006978,57,75,19,41,33707,278815,480125.5,14674.47368,50.20252315,57.72008472,133.9906951,53.20255787,22.82047933,8.325006366,15.32962687,92.01194165,72.44142402,1678,88.2025,37.99997685,1656,11,1.47,48,60
"60","BR024-10114","J2","L5","C5",179,14,37.1,42,1249,83,0.029703763,60,76,17,45,35706,235591,570181.5,13858.29412,53.29415509,51.26514785,131.9770873,55.29412037,28.36429936,10.61466511,18.90398019,77.48713609,64.39120165,1879,104.2939352,50.99978009,1843,11,1.62,50,64
"61","BR024-10215","J2","L2","C6",163,16,40.2,37,1309,77,0.030710466,56,72,17,38,30555,244740,469375,14396.47059,50.58949074,65.86516761,150,53.58929398,18.04595726,6.058735703,12.65081073,112.0695857,78.84870157,1574,87.58960648,37.00011574,1551,10,1.6,48,59
"62","BR024-10216","J2","L3","C6",154,16,46,NA,NA,NA,NA,56,67,12,32,35215,146165,423557.5,12180.41667,49.64596065,56.96423199,143.9916671,52.64601852,21.94183887,7.016118578,14.31075977,101.1242886,73.17920341,1651,89.64607639,40.00011574,2017,12,1.64,47,57
"63","BR024-10217","J2","L4","C6",189,16,38.2,38,1174,69,0.03253833,58,74,17,47,37644,284510,549447,16735.88235,51.7187037,55.92868366,147.9828724,54.71871528,27.23110755,10.15009838,18.5135961,86.20606099,69.13837773,1920,89.71887731,38.00017361,1520,9,1.62,50,62
"64","BR024-10218","J2","L7","C6",148,15,40.2,NA,NA,NA,NA,55,74,20,33,27181,291632.5,412257.5,14581.625,49.88707176,56.6381322,156.0632201,52.88725694,20.78281812,5.904096918,13.43695974,112.7183394,73.32387825,1579,91.85614583,41.96907407,1862,12,1.62,46,59
"65","BR024-11111","J3","L1","C5",172,8,43.2,58,483,54,0.089440994,48,61,14,58,33948,224106,365702,16007.57143,41.01680556,74.15872518,171.9980093,44.0168287,17.04182477,6.86201349,12.49237172,100.1163873,83.85117121,1742,67.01675926,25.9999537,5884,15,3.82,37,46
"66","BR024-11112","J3","L3","C5",180,9,44.6,43,491,49,0.090835031,48,61,14,31,42234,229707,440156,16407.64286,41.1662037,79.61905759,177.0409817,45.16645833,18.1928805,8.298352141,14.16251217,100.562134,86.01934355,1835,67.16612269,25.99991898,3150,8,3.75,38,50
"67","BR024-11113","J3","L4","C5",178,8,43.3,NA,NA,NA,NA,47,62,16,33,40733,272143,472763,17008.9375,41.22909722,74.35316596,141.0359119,44.22905093,19.04021143,7.142880942,13.72232885,111.2296294,86.19163797,1853,69.2287963,27.99969907,3952,10,3.91,37,49
"68","BR024-11114","J3","L7","C5",159,7,42.4,NA,NA,NA,NA,48,61,14,30,37284,206754,401124.5,14768.14286,42.37782407,74.71642849,211.9656537,46.37866898,17.83945013,6.80651649,13.57420383,111.1434904,82.27001851,1741,79.37771991,36.99989583,3525,9,3.92,38,50
"69","BR024-11215","J3","L2","C6",174,8,41,32,508,56,0.080708661,48,61,14,29,40785,206316,376403,14736.85714,43.59512731,81.68244201,170.0078707,46.59525463,16.180956,6.816531829,11.33465851,105.1121036,96.58429489,1813,75.59508102,31.9999537,4640,15,3.18,40,50
"70","BR024-11216","J3","L2","C6",169,10,42.5,41,554,50,0.076714801,48,60,13,27,40491,222640,381770,17126.15385,42.61,76.91965842,233,45.61039352,16.31442502,6.720012653,11.92539829,100.3718348,86.97822705,1751,99.62436343,57.01436343,4137,15,2.81,38,50
"71","BR024-11217","J3","L4","C6",172,7,44.5,NA,NA,NA,NA,46,57,12,31,38369,169508,396795.5,14125.66667,40.71672454,80.03268688,171.0059377,44.71678241,18.03388161,8.05003125,13.16431755,100.9312852,91.66825361,1877,102.7166088,61.99988426,4811,15,3.12,38,50
"72","BR024-11218","J3","L7","C6",160,8,44.3,NA,NA,NA,NA,46,59,14,27,38105,219354,351393.5,15668.14286,41.8762037,78.587098,205.9404108,44.87637731,15.45928061,5.949247685,11.53014313,110.0139101,87.14115593,1701,71.88800926,30.01180556,4408,16,2.84,37,46
"73","BR024-12111","N5","L6","C5",115,8,53.9,46,505,56,0.106732673,46,58,13,43,40548,221513,511398,17039.46154,42.32709491,20.79198457,95.96889897,44.32744213,49.02369932,10.76821036,26.74700605,53.16575187,31.84468566,1417,95.3277662,53.0006713,6644,14,4.65,35,46
"74","BR024-12112","N5","L2","C5",112,6,52.1,NA,NA,NA,NA,47,58,12,49,31736,173068,412063,14422.33333,43.10539352,29.06312565,105.015801,45.10553241,29.19162963,6.224735243,15.97995394,76.79041459,44.39937705,1226,92.10547454,49.00008102,5563,11,4.92,35,46
"75","BR024-12113","N5","L5","C5",113,10,50.7,37,482,44,0.105186722,47,59,13,43,35985,206816,451138,15908.92308,43.27320602,27.78056327,109.0012616,45.27318287,29.67182458,5.49099568,15.62495081,84.04668786,44.04813867,1207,89.27332176,46.00011574,5161,10,5.16,35,47
"76","BR024-12114","N5","L7","C5",100,6,52.5,NA,NA,NA,NA,47,61,15,52,33894,192500,447767,12833.33333,44.39033565,29.97539358,88.97940292,46.39039352,24.68357915,7.327608631,14.78026223,56.1574752,41.72794708,1121,79.38925926,34.99892361,5665,15,3.85,35,48
"77","BR024-12215","N5","L1","C6",114,6,51.2,NA,NA,NA,NA,47,60,14,44,26399,188495,346172,13463.92857,42.52798611,31.65026184,97.98865872,44.52826389,26.84653935,7.577959346,20.21141226,64.99111139,35.41316118,1193,81.52795139,38.99996528,4810,9,5.23,35,46
"78","BR024-12216","N5","L2","C6",118,12,52.3,53,462,36,0.113203463,48,59,12,20,32804,157409,332801,13117.41667,43.59737269,38.64543439,96.00333345,46.5975,24.23313426,8.974628762,15.55116217,61.33958458,50.91259362,1265,89.59711806,45.99974537,4977,11,4.4,39,50
"79","BR024-12217","N5","L4","C6",93,10,59.2,79,520,47,0.113846154,46,57,12,37,36624,159347,363165,13278.91667,43.70962963,46.91811388,105.0072922,44.70956019,13.64718116,4.669654741,9.276416584,77.41471694,57.75398239,997,102.709537,58.99990741,5129,10,4.98,38,49
"80","BR024-12218","N5","L5","C6",110,6,54,NA,NA,NA,NA,45,58,14,23,32938,240054,397857.5,17146.71429,41.78405093,29.48850759,109.9961807,44.78396991,27.52258647,5.936802662,16.02532651,76.47213927,42.27682971,1194,75.78353009,33.99947917,5212,11,4.78,36,46
"81","BR024-13111","N6","L1","C5",120,9,60.1,NA,NA,NA,NA,53,68,16,34,36117,220581,470012,13786.3125,51.0178588,41.65524445,100.998831,52.01787037,21.74996238,8.804887364,15.76390866,57.92237639,48.05280316,1290,82.01788194,31.00002315,5323,14,3.75,46,55
"82","BR024-13112","N6","L2","C5",110,12,67.1,92,489,38,0.137218814,53,67,15,31,41035,280163,544032,18677.53333,49.0991088,45.48628534,115.0066555,53.09914352,17.54594806,6.170728114,12.39165104,74.3024148,54.12918728,1149,79.09944444,30.00033565,4802,15,3.31,42,53
"83","BR024-13113","N6","L4","C5",141,12,53.9,42,535,41,0.100747664,54,67,14,35,42710,240496,568719,17178.28571,51.20472222,48.50295128,164.0227809,54.20459491,22.6501681,8.854247685,16.0539527,70.58758939,57.36904905,1484,85.20702546,34.00230324,6428,20,3.21,46,55
"84","BR024-13114","N6","L5","C5",103,10,54.2,17,458,42,0.118340611,55,69,15,33,55392,252682,658603.5,16845.46667,51.29739583,31.45443197,93.98585861,53.29747685,23.1922802,10.53576472,16.80993819,39.81675857,36.48139529,1075,85.29753472,34.00013889,5000,13,3.76,47,55
"85","BR024-13215","N6","L1","C6",118,9,49.6,NA,NA,NA,NA,54,67,14,35,32172,178335,435782.5,12738.21429,51.51407407,46.47223169,116.9891677,53.51421296,18.804778,7.081427918,13.29469256,69.68933466,55.00315231,1251,81.51418981,30.00011574,5670,17,3.44,46,56
"86","BR024-13216","N6","L3","C6",112,9,56.4,26,466,47,0.121030043,52,67,16,31,36622,259552,462330,16222,49.65634259,39.2166556,135.9921301,52.65641204,19.72121254,5.528374607,11.2895745,78.68497179,57.26522288,1146,75.65659722,26.00025463,6105,18,3.32,43,54
"87","BR024-13217","N6","L4","C6",127,11,61.1,36,511,43,0.119569472,51,65,15,32,44369,255972,535751.5,17064.8,48.71125,50.63698732,130.9863556,50.71106481,18.69976968,6.798472072,12.94835044,79.79734185,61.41708967,1311,78.71133102,30.00008102,5849,17,3.44,43,53
"88","BR024-13218","N6","L7","C6",113,8,51.9,NA,NA,NA,NA,49,65,17,33,31258,242137,494230,14243.35294,47.8708912,46.727539,100.0370508,49.87009259,20.5574704,8.097356312,14.65350566,69.52886576,55.37923954,1294,77.87164352,30.00075231,5562,18,3.14,41,50
"89","BR024-14111","N1","L5","C5",145,11,39.6,NA,NA,NA,NA,56,68,13,50,33059,131014,511376,10078,51.01895833,42.62125215,79.99444483,54.01900463,28.16669946,11.39741735,20.55146182,60.23294392,49.03544131,1585,95.01908565,44.00012731,6844,16,4.3,44,57
"90","BR024-14112","N1","L7","C5",110,10,56.4,NA,NA,NA,NA,56,72,17,40,35635,254171,488183,14951.23529,52.1096875,33.69595711,70,54.10961806,25.13654672,9.314175595,17.78261171,52.28589423,40.03911301,1200,89.11,37.0003125,5401,17,3.16,46,57
"91","BR024-14113","N1","L1","C6",132,13,35.9,6,368,26,0.097554348,56,76,21,49,29548,347125.5,538355.5,16529.78571,51.27876157,37.3577045,79.99074181,53.27884259,27.15637948,11.23179807,19.95542297,51.68362146,42.68263325,1385,92.27892361,41.00016204,4493,12,3.74,46,57
"92","BR024-14114","N1","L3","C6",121,11,47.1,6,512,43,0.091992188,58,75,18,40,30990,228835,412811.5,12713.05556,53.38171296,36.97744482,72.00166671,55.38133102,23.73068243,10.39055827,17.50888476,46.91759455,41.76451043,1275,89.38168981,35.99997685,4915,17,2.91,48,62
"93","BR024-14215","N1","L4","C6",126,11,38.8,48,447,37,0.086800895,58,77,20,47,25740,232475,396283,11623.75,53.52569444,27.99109911,75.00868156,54.5255787,37.4047477,11.17140179,21.55078115,53.26099727,40.7177816,1430,101.5825347,48.05684028,5490,16,3.37,48,60
"94","BR024-14216","N1","L7","C6",100,11,49.6,NA,NA,NA,NA,56,67,12,49,24480,110960,371015.5,9246.666667,52.65090278,30.96932852,72.02250703,53.65059028,22.28333752,7.619982407,15.74987269,49.67203069,36.39711961,1079,86.65078704,33.99988426,4224,15,2.89,46,55
"95","BR024-14217","N1","L1","C5",111,13,39.2,25,436,31,0.089908257,57,74,18,48,30585,228107.5,457309.5,12672.63889,54.71982639,28.45489317,69.9910891,54.71982639,25.34186285,8.203741641,16.57252857,46.99075335,35.91787441,1139,100.7198264,46,5867,16,3.79,47,58
"96","BR024-14218","N1","L2","C5",98,12,35.1,NA,NA,NA,NA,57,76,20,48,22695,210820,363854,10541,54.87138889,25.11894067,67.003102,54.87138889,24.65072106,7.539748932,16.25456887,42.97225318,31.28351199,1038,103.8721412,49.00075231,4814,13,3.73,46,59
"97","BR024-15111","N4","L1","C5",110,5,17.5,NA,NA,NA,NA,77,97,21,29,9505,66612.5,103807.5,3172.02381,70.02055556,30.51688153,58,70.02055556,22.63337423,9.267461913,15.21251577,40.73391437,37.68278756,1083,102.0205787,32.00002315,191,2,0.87,64,75
"98","BR024-15112","N4","L2","C5",113,8,37,NA,NA,NA,NA,46,62,17,34,30294,216895,404307.5,12758.52941,43.09480324,33.36416497,76.98930704,46.09505787,22.57811639,6.261254472,11.59379232,67.47849044,54.27473451,1127,77.09498843,34.00018519,1949,17,1.13,36,46
"99","BR024-15113","N4","L4","C5",62,9,39.1,37,488,49,0.080122951,58,75,18,28,17141,120457.5,172276,6692.083333,55.21287037,24.33013342,47.9966669,55.21287037,19.03400989,6.694343493,15.76045778,34.58143435,23.87303753,879,81.21296296,26.00009259,3076,11,2.77,42,57
"100","BR024-16111","N7","L6","C5",118,7,29.7,60,308,39,0.096428571,66,83,18,39,17115,119949,239086,6663.833333,63.32868056,33.58449955,70.98685429,67.32869213,28.53995185,7.815134737,20.16416224,66.08971148,39.31479973,1405,95.32884259,32.00016204,6225,26,2.39,55,67
"101","BR024-16112","N7","L2","C5",118,10,41.6,NA,NA,NA,NA,61,72,12,39,21383,109065,266254.5,9088.75,55.10430556,30.85153277,67.00155096,59.10422454,27.1137258,7.264000331,14.11818896,61.46750821,48.89083167,1275,103.1042708,47.99996528,5599,22,2.55,50,63
"102","BR024-16113","N7","L4","C5",97,5,11.1,53,137,23,0.081021898,75,95,21,30,3830,24967.5,45033,1188.928571,71.21950231,30.84235735,53.01104397,78.21949074,22.54367239,11.1787996,17.20542958,37.25802544,34.33509155,997,104.2226042,33.00310185,5938,19,3.21,56,NA
"103","BR024-16114","N7","L5","C5",116,6,9.5,NA,NA,NA,NA,79,95,17,26,7433,55540.5,109950.5,3267.088235,76.29858796,35.97138334,49.99826395,78.29868056,23.05999722,8.988140845,16.78986644,49.34279598,40.78352872,1265,104.2983333,27.99974537,6258,17,3.77,64,NA
"104","BR024-16215","N7","L2","C6",117,6,26.4,NA,NA,NA,NA,67,83,17,31,16926,136243.5,215113.5,8014.323529,63.58108796,45.54402248,84.99114676,67.58126157,18.90039468,6.16691358,12.70388632,76.53747598,56.28198979,1272,93.58136574,30.00027778,4375,20,2.24,57,70
"105","BR024-16216","N7","L2","C6",106,4,9.1,NA,NA,NA,NA,74,95,22,31,4608,40624.5,59476.5,1846.568182,74.66605324,31.37965768,47.99611143,77.60327546,21.60954102,8.452078908,15.23976288,41.94234387,36.53272064,1109,103.6034028,28.93734954,7985,23,3.44,64,NA
"106","BR024-16217","N7","L4","C6",105,5,11.4,29,126,21,0.09047619,69,94,26,36,3506,28798.5,46931.5,1107.634615,69.72472222,23.40734374,48.99376237,70.72484954,26.92744665,10.25882563,18.29370635,33.4833647,28.5754013,1017,104.7248032,35.00008102,6970,21,3.37,55,70
"107","BR024-16218","N7","L7","C6",108,6,19.8,54,167,24,0.118562874,69,84,16,35,6329,41461,84468,2591.3125,65.88993056,40.09981969,65.96335369,68.89069444,16.28935005,5.885332158,11.43397917,58.7902247,47.05273572,1068,99.89690972,34.00697917,6878,28,2.49,53,72
"108","BR024-17111","R204","L1","C5",180,4,35.2,75,233,47,0.151072961,49,65,17,46,22450,206216,496550.5,12130.35294,47.02190972,47.16086623,81.00093751,51.02164352,30.77975694,13.51896924,22.52539797,60.8034522,53.96131077,1874,94.02171296,46.99980324,3825,6,6.71,39,50
"109","BR024-17112","R204","L3","C5",170,4,42.6,NA,NA,NA,NA,54,67,14,37,28669,183234,459797.5,13088.14286,51.15287037,53.05705,95.99666678,55.15292824,26.52239429,12.27587963,19.88789234,64.51676164,59.15659538,1838,100.1585417,49.0056713,5766,12,4.65,41,55
"110","BR024-17113","R204","L5","C5",181,3,32,34,177,44,0.18079096,50,65,16,48,27488,238738,550601,14921.125,48.27972222,50.1522143,81.98576636,51.27987269,28.52715518,12.26845872,21.08780679,65.00409043,56.58483179,1883,92.28003472,44.0003125,8851,12,7.25,40,50
"111","BR024-17114","R204","L5","C5",194,3,29.9,NA,NA,NA,NA,50,66,17,48,29186,251610,594643.5,14800.58824,49.29951389,48.68214582,92.00532438,52.29953704,31.87616269,13.19625,23.54066778,64.48801743,54.75630565,2052,89.29972222,40.00020833,5997,8,7.69,40,53
"112","BR024-17215","R204","L1","C6",165,3,31.7,NA,NA,NA,NA,50,67,18,50,32311,295851,617839,16436.16667,48.53163194,47.19072092,85.00491927,51.53152778,27.4142877,11.51053759,20.40180194,62.94232517,52.94875439,1723,95.53178241,47.00015046,4959,8,6.28,39,50
"113","BR024-17216","R204","L3","C6",210,3,43.9,NA,NA,NA,NA,49,65,17,56,25815,231457,585714,13615.11765,47.64010417,51.65244809,101.9964585,51.64015046,29.55716634,12.51821738,21.18386395,68.18063419,60.15191576,1983,90.64015046,43.0000463,6325,9,7.03,41,50
"114","BR024-17217","R204","L5","C6",172,3,33.6,23,206,52,0.163106796,50,65,16,38,17671,144759,371101.5,9047.4375,49.76201389,50.67215498,110.0140064,52.76200231,27.65424128,11.03111943,19.31650837,72.02351539,60.76408724,1817,91.87965278,42.11763889,5469,11,5.16,41,53
"115","BR024-17218","R204","L7","C6",162,5,40.2,77,297,50,0.135353535,53,67,15,52,27850,207289,526994.5,13819.26667,50.87628472,44.95475264,78.00451415,54.87579861,28.49309416,10.94018997,18.93574884,65.85808854,56.546483,1701,104.8764005,54.00011574,4139,9,4.7,46,55
"116","BR024-18111","R103","L6","C5",167,7,43.6,NA,NA,NA,NA,57,67,11,48,57883,290166,871011,26378.72727,52.32947917,50.11793544,106.9975232,55.32949074,27.97601273,11.32432281,19.53199912,71.21838662,60.34968528,1789,103.3296875,51.00020833,7616,14,5.52,46,59
"117","BR024-18112","R103","L3","C5",152,7,1,NA,NA,NA,NA,69,81,13,36,37023,193000,695901,14846.15385,62.1716088,37.38332024,71.00575278,66.17158565,28.58226592,9.512764068,19.15485271,62.91546765,46.58088546,1475,104.177581,42.00597222,0,0,NA,57,73
"118","BR024-18113","R103","L4","C5",133,8,31.4,31,244,27,0.128688525,60,71,12,35,55234,282822,750513.5,23568.5,57.20803241,44.41257945,86.98590506,59.20813657,22.29323341,8.22982154,15.72778356,65.91880484,52.2800938,1419,99.21068287,42.00265046,4475,8,5.33,50,61
"119","BR024-18114","R103","L7","C5",153,9,30.1,43,170,17,0.177058824,58,71,14,47,56329,349312,880921,24950.85714,55.37864583,40.95229557,78.94700317,59.37905093,30.34750513,11.58368634,19.80290863,60.94778287,52.59328411,1642,100.3793519,45.00070602,4628,7,6.34,46,61
"120","BR024-18215","R103","L1","C6",159,7,28.6,56,229,29,0.12489083,59,72,14,46,61163,417069,849183.5,29790.64286,55.50857639,36.12894618,79.7332995,57.51188657,35.17678024,11.65689679,19.86489762,59.57846352,53.09617095,1741,92.51802083,37.00944444,5076,8,6.19,48,60
"121","BR024-18216","R103","L3","C6",152,8,15.6,NA,NA,NA,NA,61,75,15,44,50845,343457.5,1064290.5,22897.16667,58.66141204,45.5080526,82,61.66135417,22.58501389,8.999664352,16.28653524,63.44681064,52.58945424,1442,93.66130787,34.99989583,1773,4,4.93,50,64
"122","BR024-18217","R103","L5","C6",160,10,15.3,38,166,15,0.092168675,56,67,12,49,56597,335656,1073307.5,27971.33333,53.76030093,44.71204824,93.96845966,55.76097222,27.02403597,10.39336888,18.15381149,65.57065449,55.6770131,1617,91.87825231,38.11795139,2720,6,4.77,46,57
"123","BR024-18218","R103","L7","C6",164,7,7.2,NA,NA,NA,NA,63,77,15,42,32824,271815.5,786355.5,18121.03333,59.85821759,51.16138424,84.09148842,63.85803241,21.80941772,9.039081197,15.76178451,68.92293436,59.06691589,1532,91.82642361,31.96820602,1660,5,3.46,53,65
"124","BR024-19111","R102","L1","C5",113,13,13.6,NA,NA,NA,NA,65,75,11,41,71388,270759.5,776973.5,24614.5,61.02274306,48.04434962,71.99916668,63.02274306,17.45886887,8.428606151,13.54945952,55.76248215,51.69947917,1222,89.0228125,28.00006944,2407,4,5.6,53,66
"125","BR024-19112","R102","L3","C5",135,12,20,NA,NA,NA,NA,62,75,14,28,59508,348314.5,688179.5,24879.60714,56.15715278,50.99060641,78.00812585,59.15717593,20.96464575,10.02100887,16.23103191,60.37316279,55.1412877,1460,89.15740741,33.00025463,2669,6,4.68,50,63
"126","BR024-19113","R102","L4","C5",155,9,25.3,34,230,23,0.11,63,75,13,42,54285,328265.5,724887,25251.19231,59.20971065,43.47694796,81.01312713,62.20939815,28.72096729,11.6758314,19.30816599,59.56749253,53.92795983,1683,102.2131019,43.0033912,4112,5,7.61,50,64
"127","BR024-19114","R102","L5","C5",172,11,4.2,20,67,6,0.062686567,63,75,13,42,59127,278267,938730,21405.15385,61.28916667,42.00702481,59.00478048,63.28921296,26.07897143,11.88301138,19.57974026,50.61848218,46.48938074,1535,93.2890625,31.99989583,1053,3,3.1,50,66
"128","BR024-19215","R102","L1","C6",148,13,0.2,NA,NA,NA,NA,66,79,14,39,38065,227503,686151,16250.21429,63.51736111,34.27517129,55.99870373,65.51746528,29.59284992,10.95246629,20.08627634,49.98874093,41.78225898,1467,99.54427083,36.02690972,301,2,6.02,53,68
"129","BR024-19216","R102","L3","C6",136,11,14.8,41,179,15,0.082681564,62,74,13,27,55279,345649,736896.5,26588.38462,59.64262731,32.99324283,77,61.64266204,29.26659877,10.24510039,17.07565762,51.53683029,46.93816296,1394,104.6426505,45.00002315,2371,5,4.74,52,64
"130","BR024-19217","R102","L5","C6",183,8,29.3,37,235,26,0.124680851,60,70,11,45,54568,296203,788594.5,26927.54545,56.76846065,50.72431292,86.01991202,58.76802083,23.34777805,9.888024525,17.2097486,65.68551669,57.16236901,1637,89.76834491,32.99988426,5741,8,7,48,62
"131","BR024-19218","R102","L7","C6",150,9,0,NA,NA,NA,NA,69,102,34,36,22004,337338,378933,9921.705882,66.87359954,29.95191333,71.94088191,70.87377315,31.6307005,10.14791967,24.44729812,52.12891088,32.33486155,1346,104.8731019,37.99950231,NA,NA,NA,58,72
"132","BR024-20111","J1C1","L1","C5",99,8,28.2,NA,NA,NA,NA,56,72,17,32,3135,18130,28875,1066.470588,46.02421296,30.81867628,106.0368183,48.02384259,21.58431446,10.93966505,17.74968461,34.5531603,31.4090088,1018,92.02391204,45.99969907,3040,12,2.53,40,57
"133","BR024-20112","J1C1","L3","C5",100,7,32.2,NA,NA,NA,NA,57,68,12,36,3685,17730,54094,1477.5,46.16266204,22.98541502,112.0544709,48.16211806,31.89413805,11.2041814,19.8210148,37.6198836,31.09073911,1079,88.16236111,41.99969907,2979,12,2.42,41,50
"134","BR024-20113","J1C1","L4","C5",94,9,26.3,NA,472,47,0.055720339,58,67,10,31,2555,6845,23070,684.5,49.20597222,14.52694083,110.9897232,49.20597222,28.16835319,12.23975278,18.28817508,11.27473753,16.81414349,978,85.208125,36.00215278,2885,11,2.58,41,50
"135","BR024-20114","J1C1","L5","C5",65,5,18.5,NA,369,62,0.050135501,60,75,16,34,1300,7385,15755,461.5625,55.29032407,14.02160713,29.00671452,57.29016204,23.05013947,11.909133,17.40000174,14.44269705,15.31609043,678,97.29046296,42.00013889,3014,10,3.17,41,52
"136","BR024-20215","J1C1","L1","C6",98,7,26.1,NA,NA,NA,NA,57,72,16,23,4080,39975,46290,2498.4375,47.52149306,29.46495837,93.02584051,48.52121528,22.9187495,10.09993168,17.78652829,36.8814376,31.58289189,1057,85.52122685,37.9997338,3826,15,2.48,40,51
"137","BR024-20216","J1C1","L2","C6",102,8,32.6,NA,616,68,0.052922078,55,71,17,28,4185,43365,58227.5,2550.882353,45.613125,30.19083739,95.05500869,47.6124537,21.71519761,10.37854127,17.3786598,34.49425028,31.30275903,1044,83.61275463,37.99962963,3108,14,2.17,40,50
"138","BR024-20217","J1C1","L5","C6",83,6,18.8,NA,402,57,0.046766169,66,72,7,24,1325,4070,16038,581.4285714,55.77765046,21.68899347,64.95864901,61.7778125,23.59261165,7.912416667,11.97240934,36.20891215,35.6862172,863,92.77783565,37.00018519,2633,13,2.07,40,60
"139","BR024-20218","J1C1","L7","C6",103,10,42.4,NA,NA,NA,NA,50,67,18,30,11240,83310,131257,4628.333333,46.85891204,31.66260785,88.03668195,48.8562963,20.35524058,4.633353257,11.24061036,75.64715672,47.52855786,1035,84.85680556,37.99789352,3501,14,2.5,41,51
"140","BR024-21111","J1C2","L1","C5",146,14,8.6,70,209,14,0.041148325,62,71,10,44,15240,48967,123757,4896.7,54.02503472,32.921938,88.99793986,58.02501157,37.02090685,8.989415692,19.14993229,77.20190319,53.36833491,1612,92.02503472,38,1942,6,3.53,53,66
"141","BR024-21112","J1C2","L3","C5",125,16,5.4,128,140,8,0.038571429,61,104,44,44,3650,33957,33957,771.75,53.14112269,71.70013701,91.99680567,55.14135417,14.08504979,6.615900872,10.99573018,84.87128372,76.55244227,1421,97.14715278,44.00603009,869,12,0.76,50,64
"142","BR024-21113","J1C2","L4","C5",129,21,1.7,NA,NA,NA,NA,61,97,37,44,2215,13120,25215,354.5945946,53.21074074,36.31624507,96.0111124,56.21054398,24.55650352,5.951281052,9.528664307,83.84749361,78.13267169,1282,103.2132176,50.00247685,751,6,1.21,50,67
"143","BR024-21114","J1C2","L7","C5",80,22,0,NA,NA,NA,NA,85,88,4,8,305,835,1347.5,208.75,54.38798611,73.25717065,88.04279858,58.38769676,7.077805427,4.083102816,6.029100116,74.5756386,72.68912302,835,63.38840278,9.000416667,NA,NA,NA,53,61
"144","BR024-21215","J1C2","L2","C6",123,24,0.4,NA,NA,NA,NA,59,65,7,13,785,3400,4840,485.7142857,52.58440972,62.51071553,95.01649592,55.58436343,14.78626492,5.838415884,10.58338927,88.63705675,72.9208744,1317,101.6289005,49.04449074,309,3,1.72,50,NA
"145","BR024-21216","J1C2","L2","C6",122,6,9.2,48,167,24,0.05508982,61,70,10,15,2380,9271,33738.5,927.1,53.59590278,41.4324545,94.00870451,57.5959375,22.70201009,6.970697508,18.0701338,77.32368237,43.71854735,1304,104.5961458,51.00024306,2498,8,3.16,52,67
"146","BR024-21217","J1C2","L5","C6",135,5,4.6,48,113,19,0.040707965,60,101,42,45,11600,113286.5,138201.5,2697.297619,52.7609375,52.82372159,101.9657754,55.7612963,19.09558754,7.115653935,11.76979836,79.75373805,71.64523759,1403,91.87857639,39.11763889,1922,6,3.1,50,64
"147","BR024-21218","J1C2","L7","C6",122,22,1.5,NA,NA,NA,NA,59,61,3,11,545,870,2792.5,290,52.86914352,25.8388533,92.00425946,54.86918981,37.67969069,7.700177083,14.39838393,72.7256002,56.8466575,1334,100.8690394,47.99989583,605,4,2.42,50,65
"148","BR024-22111","N5C2J1_PH22","L6","C5",205,8,1.5,60,421,47,0.003562945,70,88,19,35,23781,237802.5,440503.5,12515.92105,61.33064815,78.02136936,145.0218204,68.33075231,20.71355596,8.844086022,15.57922117,101.8194529,86.50945933,2089,88.33112269,27.00047454,2597,9,2.92,64,75
"149","BR024-22112","N5C2J1_PH22","L3","C5",215,12,18.7,NA,NA,NA,NA,75,89,15,30,17816,157220,281458,10481.33333,63.16115741,69.64028118,119.9902786,67.16121528,22.97664474,9.347666292,16.93826901,94.62254774,78.62373654,2089,93.16717593,30.00601852,2105,8,2.7,60,NA
"150","BR024-22113","N5C2J1_PH22","L5","C5",184,9,25.6,NA,NA,NA,NA,66,80,15,39,26265,164276,508005.5,10951.73333,58.26600694,68.7632,115.0106491,63.26614583,21.76309421,9.291804591,15.88026442,89.81032606,78.6038549,1955,95.26622685,37.00021991,2336,9,2.49,55,68
"151","BR024-22114","N5C2J1_PH22","L7","C5",175,9,15.6,77,436,44,0.035779817,69,90,22,36,20089,264186.5,433737,12008.47727,61.38247685,64.09970266,116.0067134,68.38275463,19.11865343,7.547083152,12.99527225,90.03478381,78.54779648,1665,104.3825116,43.00003472,1472,6,2.37,58,76
"152","BR024-22215","N5C2J1_PH22","L2","C6",173,9,28.8,53,528,53,0.054545455,63,80,18,42,25798,224826.5,439284.5,12490.36111,55.58546296,62.45881591,145.9679006,60.5855787,22.97353831,8.191752894,15.2520279,97.96438081,78.53054087,1881,100.5855208,45.00005787,2675,11,2.37,53,66
"153","BR024-22216","N5C2J1_PH22","L3","C6",175,10,20.7,56,460,42,0.045,71,84,14,34,22073,137717.5,404880.5,9836.964286,63.64825231,81.76458193,243.9520002,69.64833333,16.54506105,6.666770833,12.58326485,110.398275,89.12631285,1842,89.64828704,26.00003472,2724,8,3.28,61,75
"154","BR024-22217","N5C2J1_PH22","L4","C6",141,12,14.1,NA,NA,NA,NA,61,93,33,43,4640,43595.5,55423,1321.075758,54.72579861,29.70363483,100.0115754,58.72570602,34.30893242,6.140477268,28.87523148,91.76811108,29.37638788,1439,95.7259375,41.00013889,2747,10,2.72,50,70
"155","BR024-22218","N5C2J1_PH22","L5","C6",174,19,29.8,NA,NA,NA,NA,65,81,17,40,24869,177475,464522.5,10439.70588,59.79357639,53.26720437,121.0448314,63.79346065,23.93968325,7.317689227,16.27301768,95.11199211,65.0155995,1748,93.79387731,34.00030093,2299,8,2.91,53,67
"156","BR024-23111","N5C2J2_PH23","L1","C5",141,6,25.3,NA,NA,NA,NA,65,89,25,41,32998,161620.5,391707,6464.82,59.02612269,45.56933529,171,62.02608796,24.41115265,5.554352984,18.66666281,114.1447081,49.98215319,1496,89.02614583,30.00002315,1089,6,1.85,55,66
"157","BR024-23112","N5C2J2_PH23","L2","C5",141,7,26.8,NA,NA,NA,NA,67,89,23,39,30478,315742,557845,13727.91304,61.1084838,45.58024865,131.0136473,64.10857639,25.05032407,6.525622254,12.93768775,97.61521204,73.62212001,1562,99.10872685,38.00024306,883,5,1.73,56,72
"158","BR024-23113","N5C2J2_PH23","L5","C5",161,11,34,29,1119,93,0.030384272,61,82,22,44,42383,361082,697590.5,16412.81818,56.2684375,43.10769075,116.0255149,60.26805556,26.92095029,7.662908741,18.97417483,82.80145588,50.76637107,1615,103.2682755,46.99983796,1341,6,2.44,53,64
"159","BR024-23114","N5C2J2_PH23","L7","C5",154,8,21.6,17,787,87,0.027445997,64,89,26,41,38138,322942,556490,12420.84615,59.3921875,37.6940861,155.9494608,63.3921875,31.36301002,6.109225964,19.910464,112.4528711,50.04905964,1538,104.3917824,44.99959491,895,5,1.83,55,67
"160","BR024-23215","N5C2J2_PH23","L1","C6",130,7,28.9,NA,NA,NA,NA,65,89,25,38,4305,26662.5,38050,1066.5,60.51528935,36.5088683,123.9913895,64.51521991,28.49992477,5.371562422,17.37379651,109.9307713,50.17613734,1425,99.54206019,39.02677083,1468,9,1.6,56,67
"161","BR024-23216","N5C2J2_PH23","L3","C6",190,8,23.2,NA,NA,NA,NA,68,84,17,37,44656,307841.5,762109,18108.32353,60.65978009,60.45137637,86.97885931,64.66003472,26.58831108,10.19778961,18.66512731,88.30344954,71.91218026,2067,104.6596181,43.99983796,1443,6,2.62,58,NA
"162","BR024-23217","N5C2J2_PH23","L5","C6",190,10,27.3,30,938,85,0.029104478,63,85,23,42,32274,358681.5,561513.5,15594.84783,57.76604167,81.14334645,188.9825016,62.76638889,17.70570309,6.799063172,12.302427,116.4130969,97.11498389,1913,92.76630787,35.0002662,1298,6,2.13,56,64
"163","BR024-23218","N5C2J2_PH23","L5","C6",150,6,25.4,76,728,104,0.03489011,64,87,24,34,8960,76815,110148.5,3200.625,59.78207176,61.7842688,143.9883343,62.78232639,18.04828351,6.131847431,11.94199104,103.6392388,78.31608624,1499,93.78237269,34.00030093,1516,7,2.3,56,64
"164","BR024-24111","N6C2J2_PH24","L1","C5",125,5,26.1,14,148,25,0.176351351,62,92,31,44,10630,157660,261604.5,5085.806452,57.02722222,24.03684805,47.00108799,57.02722222,34.41799018,14.75801467,24.68057967,29.84818824,27.6431919,1267,105.0271528,47.99993056,1430,6,2.47,50,63
"165","BR024-24112","N6C2J2_PH24","L2","C5",113,5,6.2,58,255,43,0.024313725,59,87,29,47,7335,82509.5,135212,2845.155172,55.10763889,21.81952668,62.00574127,56.1075463,33.28669823,13.28937865,24.61677251,29.15862435,24.34315871,1147,99.10762731,43.99998843,310,3,1.15,46,57
"166","BR024-24113","N6C2J2_PH24","L5","C5",114,14,13.8,NA,NA,NA,NA,61,78,18,44,32035,267431.5,484884,14857.30556,53.27664352,32.33940563,86.99496557,56.27664352,23.29047134,6.209114987,12.67642633,67.32038316,49.5013329,1138,95.27666667,42.00002315,704,4,1.85,48,63
"167","BR024-24114","N6C2J2_PH24","L7","C5",103,13,6,NA,NA,NA,NA,61,82,22,44,13935,141521.5,262535,6432.795455,54.36872685,28.98839519,76.00263898,55.36869213,25.53090625,7.912541233,19.02946018,53.14348294,32.59419838,1099,95.36956019,41.00083333,508,2,2.31,50,66
"168","BR024-24215","N6C2J2_PH24","L2","C6",118,9,13.7,NA,NA,NA,NA,58,86,29,47,13596,220821,306946.5,7614.517241,51.59255787,23.47891976,95.01429613,55.59256944,38.28966618,7.214493221,16.5264492,73.60184336,46.04739899,1220,100.592581,49.00002315,718,4,1.67,48,60
"169","BR024-24216","N6C2J2_PH24","L3","C6",186,6,4.5,166,519,74,0.00867052,59,80,22,46,15670,154582.5,279080.5,7026.477273,53.66761574,34.67470086,90.98946881,57.66802083,22.58418907,7.058520806,14.43286503,63.39855223,45.53842904,1139,101.7081019,48.04048611,285,2,1.58,49,62
"170","BR024-24217","N6C2J2_PH24","L4","C6",120,11,4.3,NA,NA,NA,NA,61,89,29,44,13545,184526.5,286326.5,6362.982759,57.73515046,33.04203104,68.00708407,58.7350463,27.79490156,10.76326937,19.00016204,47.56918947,40.31544565,1316,101.771088,44.0359375,358,2,1.49,53,64
"171","BR024-24218","N6C2J2_PH24","L7","C6",122,8,8.4,40,248,28,0.033870968,60,84,25,45,23170,265715,422781,10628.6,52.86424769,23.54118907,83.00384277,54.86429398,37.36004997,11.8040811,21.5007917,42.82417205,34.38245485,1235,102.8646065,50.0003588,553,3,1.63,48,63
"172","BR024-25111","N1C1J1_PH25","L1","C5",162,16,35.4,NA,NA,NA,NA,61,75,15,37,20970,143952.5,257696,9596.833333,50.02833333,57.01344762,100.9929866,54.02837963,23.07174982,9.81483582,16.74422669,76.31304423,65.87345121,1716,86.02833333,36,1288,5,2.86,48,64
"173","BR024-25112","N1C1J1_PH25","L3","C5",150,22,31.2,82,623,27,0.050080257,61,77,17,30,19350,152567.5,224000,8974.558824,51.17045139,63.54703244,105.9717899,54.17050926,21.14182124,9.180980703,15.31368855,81.20047565,73.08820446,1795,103.1762384,52.00578704,1718,6,3.12,49,63
"174","BR024-25113","N1C1J1_PH25","L4","C5",155,24,44.1,112,706,28,0.062464589,64,80,17,32,20025,142462.5,227648,8380.147059,54.21170139,52.67736236,77.00445628,58.21175926,23.66481434,10.80667227,17.38960796,63.75690712,59.66206958,1694,89.2119213,35.00021991,1929,7,2.97,53,66
"175","BR024-25114","N1C1J1_PH25","L5","C5",145,15,48.4,NA,NA,NA,NA,60,75,16,24,23190,214250,276254.5,13390.625,49.2846875,63.94186743,103.9867609,53.28483796,18.12271125,8.157842349,13.76607787,80.65858248,70.53570446,1552,82.28479167,33.00010417,2070,7,3,48,62
"176","BR024-25215","N1C1J1_PH25","L1","C6",142,16,39.1,107,600,35,0.065166667,59,72,14,36,8255,49380,127676.5,3527.142857,50.53378472,59.59390971,100.9883115,53.53387731,17.95821092,8.347936292,13.52443329,70.79594037,65.84379402,1498,92.54327546,42.00949074,3454,9,3.97,48,60
"177","BR024-25216","N1C1J1_PH25","L3","C6",124,15,35.8,NA,NA,NA,NA,58,70,13,27,8545,54505,97732.5,4192.692308,47.64481481,50.9484625,104.9975695,51.64484954,19.11932082,5.967345479,14.62031415,94.26301896,56.06924662,1329,78.6450463,31.00023148,2289,6,3.63,46,59
"178","BR024-25217","N1C1J1_PH25","L5","C6",159,12,35,NA,NA,NA,NA,59,74,16,44,16574,143566.5,247008.5,8972.90625,49.76690972,66.14073368,101.0128604,52.766875,20.26436547,10.49075112,15.75480608,72.20645986,71.20049553,1757,99.77380787,50.00689815,2681,6,4.47,48,61
"179","BR024-25218","N1C1J1_PH25","L5","C6",148,16,42.3,79,614,36,0.068892508,58,74,17,45,14725,125110,175111,7359.411765,48.78542824,60.15681286,121.0154071,52.7849537,20.53466501,8.453673375,14.71505975,82.863386,70.31911642,1637,89.78533565,40.99990741,3009,9,3.2,46,60
"180","BR024-26111","N1C2J1_PH26","L1","C5",140,13,35.2,NA,NA,NA,NA,55,76,22,51,16795,148495,303816.5,6749.772727,43.02966435,34.99586173,119.006887,47.02984954,35.56420498,14.73175043,22.68732711,48.53462617,46.10503453,1624,89.02949074,45.99982639,2103,10,2.02,39,59
"181","BR024-26112","N1C2J1_PH26","L2","C5",120,13,46.5,119,1041,74,0.044668588,55,75,21,39,7160,57165,102660,2722.142857,45.1127662,40.46206553,97.07302948,48.11221065,25.12723922,10.7392894,18.20251971,51.72595498,46.35347268,1453,77.11258102,31.99981481,1914,10,1.84,39,52
"182","BR024-26113","N1C2J1_PH26","L4","C5",131,14,45.6,NA,NA,NA,NA,58,67,10,47,5020,13725,75840,1372.5,46.20211806,25.80622988,106.9888553,49.20238426,43.73362577,14.91897554,23.41791651,43.63570396,40.54587861,1494,104.2053241,58.00320602,2224,10,2.29,40,53
"183","BR024-26114","N1C2J1_PH26","L7","C5",138,12,41.1,74,701,54,0.058630528,56,77,22,49,4740,41960,72337.5,1907.272727,47.39134259,25.95518167,87.09172856,48.39028935,36.40506209,13.21186039,21.37409578,39.39641994,36.76178905,1361,99.34778935,51.95644676,2206,12,1.92,39,52
"184","BR024-26215","N1C2J1_PH26","L2","C6",155,10,24,NA,NA,NA,NA,47,70,24,41,50333,421096,638948.5,17545.66667,42.57885417,28.04002178,127.0117603,46.5790625,47.38940685,12.23543301,19.83585316,63.42235698,56.53903519,1682,93.57915509,51.00030093,1706,11,1.61,38,48
"185","BR024-26216","N1C2J1_PH26","L3","C6",129,14,36.8,NA,NA,NA,NA,51,77,27,47,35311,346387.5,564292,12829.16667,46.67324074,39.44195758,120.9761968,48.67289352,27.07776352,15.24967593,22.38670102,39.60739906,39.93442354,1460,82.67280093,35.99956019,2915,12,2.49,40,53
"186","BR024-26217","N1C2J1_PH26","L4","C6",145,14,31.1,29,741,49,0.04197031,53,67,15,52,13715,47800,143227.5,3186.666667,45.73077546,38.10065268,103.0417414,47.73038194,29.36957562,14.42376824,23.31536367,44.30187656,40.2738732,1500,90.7303588,44.99958333,2225,9,2.37,39,50
"187","BR024-26218","N1C2J1_PH26","L5","C6",133,12,34.6,168,820,63,0.042195122,57,75,19,48,3170,28490,47832.5,1499.473684,46.78079861,30.40677481,92.00532438,48.77993056,35.28161097,12.28831414,21.56812919,48.17585171,41.38050139,1502,89.77982639,42.99902778,2424,9,2.75,39,50
"188","BR024-27111","N4C2J1_PH27","L1","C5",164,17,39.9,NA,NA,NA,NA,63,78,16,43,12570,85960,187791,5372.5,53.03052083,35.54208069,103.0011921,55.03059028,37.36978742,9,18.08069556,81.88888889,61.19786687,1778,105.0304745,51.9999537,2633,9,2.8,51,66
"189","BR024-27112","N4C2J1_PH27","L3","C5",150,14,35.2,39,434,29,0.081105991,63,82,20,33,23480,236121.5,308887,11806.075,53.14777778,69.61803369,104.0228754,56.14780093,21.27178723,8.86828551,15.18779225,96.12906565,81.99019185,1871,82.14806713,29.00028935,2249,7,3.46,53,64
"190","BR024-27113","N4C2J1_PH27","L4","C5",155,17,28.2,96,691,38,0.04081042,64,80,17,32,21640,165883.5,266073.5,9757.852941,54.2034838,64.47263516,114.0079172,58.20354167,18.24805202,6.781536926,12.16871635,97.10188224,80.71927814,1595,82.20375,28.0002662,1303,6,2.33,54,67
"191","BR024-27114","N4C2J1_PH27","L5","C5",150,15,38.3,NA,NA,NA,NA,64,81,18,37,39385,348200.5,613447,19344.47222,53.29636574,61.7101841,104.9805592,55.29633102,18.72462409,6.695168356,12.80117595,95.21791926,75.09075757,1595,104.2961343,50.99976852,2166,6,3.38,53,67
"192","BR024-27215","N4C2J1_PH27","L2","C6",138,20,36.7,107,780,37,0.047051282,61,75,15,43,6360,53572.5,118782.5,3571.5,52.59369213,58.55505192,119.0179078,55.59366898,18.29218769,6.166859568,12.04191889,97.86180362,74.3859852,1469,89.5937963,37.00010417,2456,8,3,50,64
"193","BR024-27216","N4C2J1_PH27","L3","C6",164,16,40.9,NA,NA,NA,NA,62,79,18,39,19960,191783.5,362255,10654.63889,52.67385417,56.7991858,104.0072227,56.67388889,23.15174032,8.484004256,15.69509217,86.6336199,69.92631761,1750,92.6737963,39.99994213,2766,9,3.11,53,66
"194","BR024-27217","N4C2J1_PH27","L4","C6",125,16,44.3,127,650,38,0.068153846,56,67,12,32,8075,35515,67393,2959.583333,49.70827546,70.35017744,139.0080444,51.70832176,13.67160731,4.936186712,9.847011054,113.6504822,82.41079405,1302,89.70847222,40.00019676,2515,9,2.76,48,58
"195","BR024-27218","N4C2J1_PH27","L7","C6",150,12,37.9,NA,NA,NA,NA,63,74,12,31,11340,57287.5,147021,4773.958333,52.87465278,64.83847296,99.96182014,56.87545139,17.10404254,6.992473841,12.39336268,87.6656837,74.47534811,1540,91.84349537,38.96884259,2816,11,2.51,53,65
"196","BR024-28111","N7C1J1","L1","C5",102,8,19.9,31,508,56,0.039173228,53,68,16,37,11670,54165,89505,3385.3125,44.03239583,29.95449753,90.98736287,46.03265046,26.19973843,14.51975694,21.17284188,31.9564578,31.38454459,1102,75.03211806,30.99972222,777,3,2.29,39,50
"197","BR024-28112","N7C1J1","L2","C5",156,15,14.9,NA,NA,NA,NA,54,73,20,52,6865,44445,90385,2222.25,46.09280093,32.18194278,106.9962849,49.09246528,38.92244817,14.87463976,27.81622323,48.33730509,37.83763134,1634,105.0811227,58.98832176,341,2,2.01,41,53
"198","BR024-28114","N7C1J1","L5","C5",168,13,53.8,NA,NA,NA,NA,59,95,37,46,8623,159137,226242,4301,53.29148148,33.76064234,63.01385721,54.29126157,37.48447636,15.49978588,28.07293475,45.90385993,37.67863992,1685,102.291331,48.99984954,928,5,1.82,48,60
"199","BR024-28215","N7C1J1","L1","C6",133,19,43.8,38,991,50,0.04419778,54,67,14,28,5190,20820,48593,1487.142857,47.50699074,51.96256802,91.00315983,48.50695602,19.40435276,7.639686904,13.77559755,72.97419475,60.92294705,1427,102.5069792,54.99998843,1771,8,2.21,43,55
"200","BR024-28216","N7C1J1","L3","C6",124,13,42.4,NA,NA,NA,NA,54,67,14,29,41172,235260,483489,16804.28571,50.66891204,52.41425533,78.99725704,51.66894676,17.73754094,8.575184896,13.97545631,60.69839966,55.54380357,1323,78.66921296,28.00030093,2164,11,1.99,42,55
"201","BR024-28217","N7C1J1","L4","C6",165,11,66.3,NA,NA,NA,NA,45,59,15,60,51822,302173,887716,20144.86667,39.71771991,56.00947746,104.0096305,43.71792824,23.78526029,8.945350235,16.33328704,83.28349147,68.08182563,1768,77.71780093,38.00008102,1175,5,2.55,36,46
"202","BR024-28218","N7C1J1","L7","C6",140,13,29.3,56,638,46,0.045924765,52,67,16,37,36355,171248,359116,10703,48.86336806,62.82576412,127.0544099,52.86314815,18.35075174,7.011553293,12.99590856,93.63117879,74.38879669,1541,100.8630903,51.99972222,994,6,1.68,46,53
"203","BR024-29111","O1J3_PH29","L1","C5",137,9,18.7,NA,NA,NA,NA,51,82,32,55,14435,147845,326842.5,4620.15625,53.03321759,21.42201051,32.00185196,53.03321759,37.92361132,20.2153433,30.09623431,19.49014637,21.78013346,1346,102.0332523,49.00003472,805,5,1.58,39,52
"204","BR024-29112","O1J3_PH29","L2","C5",182,5,30.3,36,658,110,0.046048632,55,68,14,51,14830,87378,347886,6241.285714,56.10643519,34.50526206,61.01271098,60.10625,31.11699306,15.15121224,24.35802407,37.78575541,36.36378703,1553,103.1065046,47.00006944,233,2,1.29,46,57
"205","BR024-29113","O1J3_PH29","L4","C5",146,9,27.8,NA,NA,NA,NA,60,75,16,41,31768,265285,516109,16580.3125,54.22100694,34.82543662,47.00707282,54.22100694,27.25019676,13.26532407,20.41169718,38.67225536,38.48283624,1390,89.22125,35.00024306,127,1,1.27,46,61
"206","BR024-29114","O1J3_PH29","L5","C5",134,6,14.6,78,611,87,0.023895254,62,90,29,43,6795,76242.5,124597.5,2629.051724,62.2930787,20.50483558,31.99370494,70.29298611,32.88004907,16.35483423,24.05282407,19.50493631,22.49216135,1188,104.2928356,41.99975694,42,0,1.4,48,62
"207","BR024-29215","O1J3_PH29","L1","C6",137,9,23.2,8,574,57,0.040418118,53,67,15,52,14910,63026,290785.5,4201.733333,52.51190972,22.37193605,43.99796306,52.51190972,39.64341745,19.31959748,30.53947277,24.14646581,23.87893221,1351,104.5118403,51.99993056,293,2,1.33,46,55
"208","BR024-29216","O1J3_PH29","L2","C6",147,8,28,NA,NA,NA,NA,57,67,11,48,19854,115635,362713.5,10512.27273,52.60186343,41.6889164,57.99261668,54.60200231,26.54422556,12.36393203,18.72656205,49.5796967,49.20817806,1534,93.60225694,41.00039352,513,2,2.14,46,58
"209","BR024-29217","O1J3_PH29","L4","C6",136,7,30.5,55,725,91,0.042068966,57,67,11,36,27715,134380,435476.5,12216.36364,51.70283565,38.35627637,54.99872688,53.70269676,26.67360069,13.38237983,19.03401395,42.40650819,44.7751064,1439,97.70299769,46.00016204,329,3,1.18,42,59
"210","BR024-29218","O1J3_PH29","L7","C6",172,8,20.3,NA,NA,NA,NA,55,76,22,50,21118,251171.5,534863,11416.88636,54.86208333,29.10909524,47.00108799,58.8628588,34.48406732,13.93358468,26.00084491,38.39643655,31.84511899,1472,97.86366898,43.00158565,266,3,1.06,41,57
"211","BR024-30111","N5C2J2_PH30","L1","C5",189,10,20.7,53,647,59,0.031993818,66,85,20,40,32554,330541,537519,16527.05,59.034375,69.11463582,142.0049307,61.03434028,19.92631494,7.333371914,13.71518519,106.090351,84.03094704,1798,104.0342014,44.99982639,1152,7,1.72,56,67
"212","BR024-30112","N5C2J2_PH30","L3","C5",171,12,19.1,NA,NA,NA,NA,64,80,17,27,58496,392009.5,691941.5,23059.38235,58.14459491,75.65286172,156.9909149,60.14452546,18.51483167,6.788363051,13.07958111,118.9535672,90.08316016,1783,88.14472222,30.00012731,649,4,1.62,55,67
"213","BR024-30113","N5C2J2_PH30","L4","C5",155,14,19.1,NA,NA,NA,NA,61,78,18,44,59127,446597,890859.5,24810.94444,54.22211806,38.61013389,228.96025,59.22236111,32.10038079,7.744407793,13.28750637,91.54993112,78.30664169,1626,103.2247685,49.00265046,1354,4,3.15,50,64
"214","BR024-30114","N5C2J2_PH30","L7","C5",167,10,17.1,60,832,76,0.020552885,65,81,17,40,37918,276149,587472.5,16244.05882,58.39480324,63.72408553,145.9915514,62.39517361,20.02539525,7.282217277,13.5317491,100.5874958,79.23957146,1659,89.39542824,31.000625,1986,5,4.23,55,67
"215","BR024-30215","N5C2J2_PH30","L1","C6",163,14,23.4,65,907,60,0.025799338,61,77,17,44,41351,273503,676153,16088.41176,54.51298611,62.19822809,171.5679216,58.51299769,20.46682099,8.67997963,15.1397258,84.44720279,70.70801773,1650,99.53984954,45.02686343,954,4,2.17,51,63
"216","BR024-30216","N5C2J2_PH30","L2","C6",138,12,26.3,NA,NA,NA,NA,61,76,16,44,32643,195859,475987.5,12241.1875,55.60408565,60.33769912,123.9727375,58.60436343,15.36187182,6.843537521,11.62042056,77.51838846,66.97261909,1291,77.60438657,22.00030093,725,3,2.42,52,63
"217","BR024-30217","N5C2J2_PH30","L4","C6",175,12,36.8,67,1161,89,0.031696813,65,80,16,40,52648,328110,758010.5,20506.875,58.73283565,70.27126593,178.9813561,61.73305556,18.65912023,7.639099473,13.02196783,96.87005682,84.24226003,1728,82.73313657,24.00030093,728,4,2.08,55,67
"218","BR024-30218","N5C2J2_PH30","L7","C6",151,16,38,NA,NA,NA,NA,61,74,14,29,34611,196169.5,516707.5,14012.10714,53.86655093,63.73000352,151.9947224,57.86730324,17.73575926,7.138352172,12.94297521,93.50897573,73.92040737,1457,91.83527778,37.96872685,696,4,1.7,49,64
"219","BR024-31111","N1C1J1_PH31","L1","C5",171,17,39,32,731,41,0.053351573,64,78,15,42,29073,160790.5,388407,10719.36667,52.03549769,44.03792945,97.99886575,55.03550926,30.63949683,8.948231362,20.31441196,83.87132268,55.36709613,1797,103.0353588,50.99986111,2776,7,3.97,51,66
"220","BR024-31112","N1C1J1_PH31","L3","C5",193,20,42.5,53,959,46,0.044316997,59,68,10,40,24340,94535,345428.5,9453.5,49.15398148,69.43449297,127.0147008,53.15378472,22.61700104,9.876586282,16.67595593,90.71960436,79.00596555,1986,86.15424769,37.0002662,1862,5,3.58,47,61
"221","BR024-31113","N1C1J1_PH31","L4","C5",147,19,34.6,NA,NA,NA,NA,62,76,15,43,19980,124130,230622.5,8275.333333,51.22667824,46.43076411,84.99409763,55.22663194,26.29506586,11.050807,19.00585405,61.57921319,53.5755982,1651,88.22666667,36.99998843,1251,5,2.78,50,66
"222","BR024-31114","N1C1J1_PH31","L7","C5",136,17,41.6,NA,NA,NA,NA,63,76,14,42,11465,47072.5,133097.5,3362.321429,53.3768287,51.49660657,90.00208338,55.37643519,22.23835853,9.147898663,16.77638741,69.3055338,56.83583579,1578,82.37645833,28.99962963,1498,5,3.06,50,67
"223","BR024-31215","N1C1J1_PH31","L2","C6",185,19,34.4,20,702,35,0.049002849,60,72,13,43,17235,106975,211155.5,8228.846154,49.57760417,62.45039436,118.0027315,53.5775,25.52105581,9.954952667,17.12786391,91.71314325,78.14751489,2002,92.57792824,43.00032407,1873,5,3.67,50,63
"224","BR024-31216","N1C1J1_PH31","L3","C6",154,21,31.5,2,676,31,0.046597633,61,80,20,38,11080,72257.5,120400,3612.875,51.66563657,48.22574968,114.9747162,54.66563657,24.73574818,6.891219878,17.36876167,98.74884448,57.61780943,1581,87.66563657,36,1707,4,3.88,50,67
"225","BR024-31217","N1C1J1_PH31","L5","C6",138,15,26.3,NA,NA,NA,NA,66,78,13,39,10850,52075,93005,4005.769231,54.7783912,44.55854257,93.02045589,58.7784375,24.34774428,10.91882738,17.46137628,55.36308788,51.8143579,1501,101.9050463,47.12665509,1640,4,3.73,53,67
"226","BR024-31218","N1C1J1_PH31","L7","C6",149,17,45.4,NA,NA,NA,NA,60,74,15,32,21305,152687.5,246495,10179.16667,50.88337963,63.40897356,99.0057295,54.88290509,21.22254824,9.091695698,15.81551325,82.32787643,70.92719548,1793,81.88378472,31.00040509,1866,5,3.46,49,61
"227","BR024-32111","N1C1J1.N5C2J2","L1","C5",198,14,40.5,60,883,59,0.045866365,59,75,17,47,36444,255968,519815.5,15056.94118,50.03655093,78.13591847,181.9894682,54.0366088,17.92133538,7.764317708,13.76709872,103.2286455,85.40288871,1797,73.03649306,22.99994213,1840,6,3.23,48,62
"228","BR024-32112","N1C1J1.N5C2J2","L2","C5",139,16,29.3,NA,NA,NA,NA,59,73,15,47,16080,102555,260212.5,6837,50.09363426,72.12004147,131.9954168,52.09365741,19.96671065,8.642992725,15.21309377,93.94893943,79.17521698,1870,77.09387731,27.00024306,1347,7,2.01,49,60
"229","BR024-32113","N1C1J1.N5C2J2","L4","C5",222,15,11.1,8,543,34,0.020441989,64,81,18,41,46468,369762.5,903433.5,20542.36111,55.22440972,72.99005396,119.0082645,58.22440972,21.89476392,8.446088927,15.52215788,104.4862312,85.66785688,2089,83.22467593,28.0002662,538,2,2.24,53,67
"230","BR024-32114","N1C1J1.N5C2J2","L5","C5",198,15,40,NA,NA,NA,NA,60,76,17,45,43982,337246,695440,19838,51.2825463,67.17585261,141.9819236,53.28263889,23.90442306,9.142632275,17.06240162,99.42432033,78.79898914,2042,82.28258102,31.00003472,2484,8,3.18,50,64
"231","BR024-32215","N1C1J1.N5C2J2","L1","C6",191,13,40.4,67,709,51,0.056981664,61,76,16,44,42479,331797,589081.5,20737.3125,52.53266204,69.73751659,133.9937966,55.53270833,21.86627908,8.069774232,14.72552762,106.1367983,86.53340194,1971,81.53284722,29.00018519,2116,8,2.75,51,64
"232","BR024-32216","N1C1J1.N5C2J2","L3","C6",159,17,44.8,NA,NA,NA,NA,58,75,18,33,39138,337397,509295.5,18744.27778,50.65853009,72.95253142,141.0408104,53.65833333,18.96301572,7.666859568,13.65485901,102.3887281,84.87821071,1796,85.65856481,35.00003472,2605,8,3.47,50,61
"233","BR024-32217","N1C1J1.N5C2J2","L5","C6",192,15,44.1,53,772,48,0.057124352,59,72,14,46,41207,245233,555354,17516.64286,50.77385417,86.0116111,151.0419561,53.77319444,19.30785831,8.699914352,14.53558614,110.7482167,96.26374789,2043,84.77402778,34.00017361,1681,5,3.11,50,62
"234","BR024-32218","N1C1J1.N5C2J2","L7","C6",165,17,13.1,NA,NA,NA,NA,59,75,17,43,10005,72652.5,165842.5,4273.676471,48.88635417,42.03876808,138.0559254,52.88615741,29.54177909,11.83688884,19.81697507,58.58803014,52.29102808,1671,81.88709491,33.00074074,331,2,1.66,47,60
"235","BR024-33111","N6C2J2.N7C1J1","L1","C5",198,8,27.4,17,550,61,0.049818182,53,77,25,53,25555,287415,648482,11496.6,46.03833333,36.98636312,118.0737961,48.03762731,39.73085959,10.73685793,26.22546131,77.07096485,46.85332264,1905,102.0376852,55.99935185,1204,6,1.91,42,55
"236","BR024-33112","N6C2J2.N7C1J1","L2","C5",169,7,32.6,NA,NA,NA,NA,52,73,22,54,33452,300466,626934,13657.54545,47.09728009,42.1087367,120.9957988,49.09689815,29.6921755,10.2497772,22.46218403,70.19664779,46.80088093,1627,105.0855556,57.98827546,1582,6,2.68,43,53
"237","BR024-33113","N6C2J2.N7C1J1","L4","C5",114,12,6.9,16,327,25,0.021100917,58,76,19,47,9440,69965,139802.5,3682.368421,50.23592593,30.7469921,76.00791749,52.2358912,25.60575673,10.29561369,19.9252338,43.17372557,33.06109262,1157,102.2393981,52.00347222,591,3,1.79,46,57
"238","BR024-33114","N6C2J2.N7C1J1","L7","C5",148,11,19.9,NA,NA,NA,NA,57,87,31,48,16940,223785,344967.5,7218.870968,50.4006713,30.96107168,101.0362514,52.3940162,33.95554298,12.79094923,25.08358576,45.38365289,34.8734032,1477,104.3939815,53.99331019,460,3,1.39,44,57
"239","BR024-33215","N6C2J2.N7C1J1","L1","C6",150,8,18.8,NA,NA,NA,NA,61,102,42,44,11775,187416,208531,4462.285714,56.5162963,32.13377354,80.99062608,59.51642361,33.9300331,11.63518675,21.6640162,52.89988148,42.10899731,1487,99.54315972,43.02686343,818,5,1.67,48,62
"240","BR024-33216","N6C2J2.N7C1J1","L3","C6",165,8,17,NA,NA,NA,NA,54,74,21,51,24305,243904.5,693290,11614.5,48.65539352,39.58505791,91.00210653,50.65521991,35.65739384,16.98906388,25.769485,47.64829925,46.01372514,1805,104.6552199,55.99982639,1384,7,1.98,43,54
"241","BR024-33217","N6C2J2.N7C1J1","L4","C6",182,11,22.6,19,804,67,0.028109453,55,86,32,50,27393,403399.5,599510.5,12606.23438,49.73393519,30.57751485,92.98816123,50.7340625,42.06031806,12.79181568,23.64120932,55.85602683,45.33397533,1729,104.7340625,55.00012731,418,3,1.67,46,57
"242","BR024-33218","N6C2J2.N7C1J1","L5","C6",185,8,33.87,32,512,57,0.066152344,56,74,19,49,22033,202140,565062,10638.94737,50.79130787,47.83123917,133.0184748,52.79092593,26.19626884,8.737689929,17.65400196,82.97387592,59.75982117,1620,87.79200231,37.00069444,1782,8,2.38,46,57
"243","BR024-34111","N5C2J2.N7C1J1","L1","C5",166,11,38.6,76,1127,94,0.034250222,60,78,19,46,35917,314062,649293.5,16529.57895,54.03883102,56.31534814,97.99773153,58.03880787,23.07363877,9.312463831,16.88371555,77.85265137,64.20387722,1736,89.03884259,35.00001157,1321,7,1.97,50,62
"244","BR024-34112","N5C2J2.N7C1J1","L3","C5",163,13,23.5,NA,NA,NA,NA,62,79,18,43,51459,346470.5,1084907,19248.36111,57.14582176,43.90027006,88.98867042,61.14575231,27.56019492,12.67576164,20.08604727,53.13290193,50.22142915,1641,100.1513889,43.00556713,464,4,1.13,52,66
"245","BR024-34113","N5C2J2.N7C1J1","L5","C5",160,11,30.4,NA,NA,NA,NA,61,83,23,44,33361,331558,578321.5,14415.56522,53.26484954,59.87771376,139.9773185,55.26478009,21.14810203,8.146390286,15.61336411,87.33929692,67.77847442,1687,89.26480324,35.9999537,1011,6,1.84,50,64
"246","BR024-34114","N5C2J2.N7C1J1","L7","C5",181,7,37.4,83,637,80,0.058712716,61,85,25,44,19419,315014,486060,12600.56,54.38466435,56.21107998,90.96841375,57.38487269,27.21705401,10.81583181,18.6893945,81.13106929,68.76894809,1931,94.3850463,40.00038194,1640,8,2,50,64
"247","BR024-34215","N5C2J2.N7C1J1","L2","C6",153,11,46.1,61,1078,90,0.042764378,58,80,23,38,11620,136450,201203,5932.608696,50.58240741,56.83248284,150.9930096,52.58221065,21.40149329,9.639312554,16.38322994,71.94496455,62.2740451,1607,90.5824537,40.0000463,1277,6,2.2,46,57
"248","BR024-34216","N5C2J2.N7C1J1","L3","C6",195,9,32.9,NA,NA,NA,NA,70,88,19,31,42419,352693,560076.5,18562.78947,61.67508102,82.9300548,155.0430675,65.67510417,19.24633963,7.361348895,13.58298637,119.6112306,97.75096311,2089,87.6749537,25.99987269,1751,8,2.22,60,72
"249","BR024-34217","N5C2J2.N7C1J1","L4","C6",175,9,42,NA,NA,NA,NA,57,74,18,46,43211,370541.5,726388.5,20585.63889,52.73601852,57.17295645,116.9864599,55.73628472,23.63005316,9.000358796,16.44032083,83.44111796,68.49014757,1800,95.73636574,43.00034722,1257,6,2,48,60
"250","BR024-34218","N5C2J2.N7C1J1","L5","C6",152,12,41.9,66,1074,83,0.039013035,59,71,13,43,25450,166004,409603,12769.53846,52.78385417,61.57337477,133.9596881,54.78390046,18.70613726,6.986327921,13.30809473,92.03690512,72.21168917,1572,79.78454861,27.00069444,1919,7,2.74,50,59
"251","BR024-35111","N6C2J2_PH35","L1","C5",118,10,15.4,NA,NA,NA,NA,67,95,29,39,5470,52199.5,77607,1799.982759,59.03993056,24.46927088,98.0034029,61.03989583,29.47778884,5.950000579,21.79758446,68.99158993,27.74389984,1077,105.0398032,45.99987269,968,6,1.76,55,74
"252","BR024-35112","N6C2J2_PH35","L3","C5",89,13,7.1,8,369,26,0.019241192,67,95,29,38,1455,14800,20090,510.3448276,60.15055556,38.03933474,99.98611304,61.15069444,15.91510483,4.454643308,10.01607658,76.10036911,50.46886335,966,90.15084491,30.00028935,505,4,1.15,55,72
"253","BR024-35113","N6C2J2_PH35","L5","C5",124,14,26.1,122,831,55,0.031407942,65,89,25,40,16255,185710,316771.5,7428.4,58.27532407,40.78114757,106.9752372,61.27539352,22.23576466,6.840939604,16.11119084,74.55116249,47.04804303,1292,100.2754051,42.00008102,2153,11,1.89,54,67
"254","BR024-35114","N6C2J2_PH35","L7","C5",104,13,16.6,NA,NA,NA,NA,70,89,20,35,7420,54615,77760,2730.75,58.39259259,25.5858439,113.9762549,60.39350694,26.55765441,3.956064009,21.59114236,99.46755136,26.50392418,1015,102.3932986,44.00070602,1251,7,1.87,53,74
"255","BR024-35215","N6C2J2_PH35","L2","C6",134,11,29,66,825,69,0.035151515,65,82,18,40,18285,146760,290642,8153.333333,56.58782407,46.68201294,100.038209,59.58756944,21.28014491,7.191427305,15.63185705,77.73143999,53.12868443,1386,83.588125,27.00030093,2152,12,1.74,53,67
"256","BR024-35216","N6C2J2_PH35","L2","C6",115,9,25.8,NA,NA,NA,NA,62,86,25,41,5825,72930.5,117193,2917.22,56.60644676,31.65215697,92.03302111,59.60622685,24.98091997,10.09380172,19.1772385,44.13599675,34.48098119,1163,102.6064931,46.0000463,1855,9,2.02,52,66
"257","BR024-35217","N6C2J2_PH35","L4","C6",118,15,8.2,14,398,25,0.020603015,65,80,16,40,13165,78420,236611,4901.25,57.71209491,27.06909215,84.99114676,61.71217593,30.18202441,7.361201775,20.35738591,61.53886469,33.42767106,1210,102.7122106,45.00011574,596,3,1.92,53,67
"258","BR024-35218","N6C2J2_PH35","L7","C6",148,10,12,NA,NA,NA,NA,71,89,19,34,10230,90062.5,199760.5,4740.131579,62.87947917,31.08206682,84.93708364,66.87913194,28.71430671,11.1526699,20.91598235,44.33915865,35.53502712,1295,104.8785995,41.99912037,758,5,1.61,57,72
"259","BR024-36111","N1C1J1_PH36","L1","C5",180,22,45.9,NA,NA,NA,NA,62,80,19,44,22060,191485,355772.5,10078.15789,51.04097222,59.05943926,113.9973612,55.04106481,24.9900781,10.50894562,17.68028626,79.88432238,69.97907059,1891,89.04106481,38.00009259,2517,7,3.4,50,62
"260","BR024-36112","N1C1J1_PH36","L2","C5",156,22,57,81,1049,46,0.054337464,60,73,14,33,27880,171375,364738,12241.07143,51.10185185,58.67232542,95.005498,53.10184028,22.16377126,10.09673163,16.57793364,73.48912768,65.81037321,1696,86.10211806,35.0002662,2246,7,3.35,48,62
"261","BR024-36113","N1C1J1_PH36","L4","C5",172,24,53.6,NA,NA,NA,NA,61,75,15,35,27020,207756.5,348085,13850.43333,51.21515046,73.86941053,116.0174563,54.21501157,19.32599691,8.932525025,14.99167911,91.12764842,79.87764355,1834,80.25013889,29.03498843,2488,8,3.11,50,63
"262","BR024-36114","N1C1J1_PH36","L7","C5",163,21,46.9,92,1054,48,0.044497154,61,76,16,44,26460,164932.5,386237,10308.28125,53.37571759,40.47912291,92.00106483,55.37533565,32.37224292,11.05857298,18.58920579,66.55469933,58.90515241,1736,89.37569444,35.99997685,2606,8,3.38,50,64
"263","BR024-36215","N1C1J1_PH36","L1","C6",170,19,45.7,NA,NA,NA,NA,59,78,20,46,20165,175020,293537.5,8751,49.50972222,58.33707803,122.9886122,53.50980324,24.07902568,10.1917201,16.9669356,78.05355643,69.32601312,1823,81.50976852,32.0000463,1702,5,3.15,46,60
"264","BR024-36216","N1C1J1_PH36","L3","C6",176,20,45.2,88,863,41,0.052375435,59,72,14,37,25300,130865,330506.5,9347.5,51.66673611,64.21573694,109.9758155,54.66673611,20.2831901,9.82742319,15.62053737,75.35037269,69.89196174,1705,80.66695602,29.00021991,2297,6,4.03,47,61
"265","BR024-36217","N1C1J1_PH36","L5","C6",178,23,49.6,NA,NA,NA,NA,61,70,10,44,43329,206767,481880,20676.7,50.76346065,73.96501455,129.9563804,54.76313657,20.48400868,9.161440527,15.46325555,95.12696147,82.37269286,1909,78.76380787,28.00034722,2205,6,3.5,50,62
"266","BR024-36218","N1C1J1_PH36","L7","C6",143,26,37.6,88,1096,41,0.034306569,61,84,24,41,14160,197150,246722.5,8214.583333,49.88047454,41.75606088,101.0409309,52.88063657,26.68594634,11.39486556,17.54013057,56.82383846,53.54863216,1467,85.8812037,36.00072917,1012,3,2.98,46,60
"267","BR024-37111","N1C1J1. N6C2J2","L2","C5",175,12,42.7,NA,NA,NA,NA,59,73,15,41,27625,157143,447671,10476.2,51.07734954,44.67520934,146.9608785,55.07753472,34.57846136,10.37023448,17.82608444,86.7868515,73.09513227,1912,89.07765046,38.00030093,1802,6,2.82,50,62
"268","BR024-37112","N1C1J1. N6C2J2","L2","C5",230,13,42.4,63,861,62,0.049245064,58,72,15,48,31882,178174,634896.5,11878.26667,50.09141204,67.66988622,154.0089126,53.09138889,24.25155548,9.373065476,16.91400648,98.740375,81.16054594,2089,85.09193287,35.00052083,2527,10,2.66,47,61
"269","BR024-37113","N1C1J1. N6C2J2","L4","C5",193,15,42.2,93,890,56,0.04741573,57,77,21,48,39008,432922.5,763973.5,20615.35714,49.22346065,53.19232253,138.9887393,53.22335648,25.08068715,8.956737009,16.42259817,84.2382666,68.00081134,1749,92.22344907,42.99998843,1794,6,2.8,46,60
"270","BR024-37114","N1C1J1. N6C2J2","L7","C5",155,17,32.6,NA,NA,NA,NA,63,81,19,42,28845,238024,502733.5,12527.57895,53.38613426,39.56325072,115.0026621,55.38575231,32.45436047,7.835818913,19.17503957,93.92764281,56.24499476,1670,104.3858102,50.99967593,1255,5,2.41,51,67
"271","BR024-37215","N1C1J1. N6C2J2","L1","C6",145,16,9,NA,NA,NA,NA,64,100,37,41,9515,130237.5,161377.5,3519.932432,49.52233796,25.90518914,117.0040626,51.52224537,41.30446584,19.12961806,28.73774612,32.30592468,31.33509484,1430,95.5224537,46.00011574,948,3,3.06,46,64
"272","BR024-37216","N1C1J1. N6C2J2","L3","C6",167,15,36.8,72,827,52,0.044498186,58,74,17,47,35817,282629,560258,16625.23529,50.66341435,76.94371316,135.9921301,52.6634838,18.17822331,7.378399068,13.31388621,108.0857775,88.12227939,1803,94.66350694,44.00009259,2408,9,2.77,49,61
"273","BR024-37217","N1C1J1. N6C2J2","L4","C6",164,17,43.9,96,1016,56,0.043208661,56,75,20,47,22760,215622,389262,10781.1,48.70746528,53.80540047,133.0076972,51.70722222,24.99749074,8.9747364,17.4671753,87.91344556,65.0648992,1690,90.70726852,41.99980324,1702,7,2.54,46,57
"274","BR024-37218","N1C1J1. N6C2J2","L7","C6",155,17,32.1,NA,NA,NA,NA,59,77,19,46,35826,302811.5,606487.5,15937.44737,50.86811343,67.50115419,132.0061114,54.86760417,19.84706804,8.427598193,14.72973422,91.42581105,76.46098588,1723,85.868125,35.00001157,1210,5,2.69,52,64
"275","BR024-38111","N5C2J2.N6C2J2","L2","C5",148,12,45.9,105,774,60,0.059302326,57,73,17,39,45443,337129,734791.5,19831.11765,50.07767361,68.4529458,139.0080444,53.07762731,17.029216,7.183901484,12.80326414,93.61208551,76.60155954,1533,79.07791667,29.00024306,2418,10,2.33,48,60
"276","BR024-38112","N5C2J2.N6C2J2","L3","C5",168,10,23.3,NA,NA,NA,NA,61,80,20,44,41249,404378.5,1003994,20218.925,55.16826389,55.18730726,114.0092369,59.16811343,22.38195812,9.055461034,16.42252146,78.18486517,63.17543885,1618,92.17005787,37.00179398,695,5,1.48,52,64
"277","BR024-38113","N5C2J2.N6C2J2","L5","C5",138,11,23.9,NA,NA,NA,NA,56,76,21,49,46200,472302,968548.5,22490.57143,49.26717593,40.79306414,153.0017709,52.26722222,25.59258595,6.922032516,13.78270733,86.10187812,63.55790479,1420,102.2672685,53.00009259,1050,5,2.1,46,57
"278","BR024-38114","N5C2J2.N6C2J2","L7","C5",155,12,19.9,81,668,51,0.029790419,58,88,31,47,22055,405984.5,535778,13096.27419,53.37461806,43.30337938,108.0162524,56.37407407,25.2820915,7.861261396,14.74993634,79.63098649,62.30535364,1472,89.37458333,35.99996528,1226,5,2.27,50,60
"279","BR024-38215","N5C2J2.N6C2J2","L1","C6",139,13,27.3,99,1263,90,0.021615202,58,76,19,47,63180,548412,1039666,28863.78947,50.54040509,40.91759317,120.0138905,54.5403588,26.00592844,6.861595964,12.72829547,91.59676601,70.76752755,1389,85.54048611,35.00008102,716,3,2.17,48,60
"280","BR024-38216","N5C2J2.N6C2J2","L3","C6",127,11,38.3,NA,NA,NA,NA,57,75,19,38,43828,367569.5,688794.5,19345.76316,50.66230324,37.8862459,170.9901047,52.66238426,22.71008857,5.951686828,18.0263898,87.0341493,40.60713254,1156,79.66259259,29.00028935,1407,6,2.23,48,57
"281","BR024-38217","N5C2J2.N6C2J2","L5","C6",133,11,28,NA,NA,NA,NA,58,75,18,47,29162,249238.5,430830,13846.58333,52.76420139,42.84037698,108.9634266,55.76457176,23.7743006,7.093524404,12.30490035,83.52688541,69.78926893,1365,88.76462963,36.00042824,948,5,1.86,50,61
"282","BR024-38218","N5C2J2.N6C2J2","L5","C6",173,17,12.4,76,373,21,0.033243968,59,79,21,46,40469,408611,1020071,19457.66667,54.78060185,46.30456899,108.9873857,56.78107639,29.88258028,10.63415695,20.33711127,74.71208141,57.17380334,1773,95.78090278,41.00030093,833,5,1.6,51,62
"283","BR024-39111","N1C1J1_PH39","L2","C5",192,24,31.7,NA,NA,NA,NA,62,76,15,44,18670,126397.5,295880,8426.5,50.07875,66.0590096,104.0036112,54.07868056,24.22076882,10.53718612,18.03076861,84.65258087,74.01237455,2070,81.07907407,31.00032407,1032,4,2.65,50,64
"284","BR024-39112","N1C1J1_PH39","L2","C5",170,25,32.4,116,843,32,0.038434164,64,76,13,39,21920,133867.5,247445,10297.5,52.10078704,71.34094874,89.97604804,55.1009838,18.67510909,8.58324267,14.18441072,86.85528636,78.41355006,1767,92.10103009,40.00024306,1895,4,4.74,50,66
"285","BR024-39113","N1C1J1_PH39","L3","C5",165,21,35.7,NA,NA,NA,NA,62,78,17,43,19950,142882.5,259360,8404.852941,51.17534722,61.27942682,116.0026852,55.17538194,22.007386,8.793574184,15.3846786,86.76790393,73.38469848,1764,95.18116898,44.00582176,1665,5,3.08,50,63
"286","BR024-39114","N1C1J1_PH39","L7","C5",144,26,27.3,44,734,27,0.03719346,63,76,14,27,2180,17512.5,23902.5,1250.892857,50.37248843,64.73045763,99.03668025,54.36575231,16.44357292,7.602516276,12.3301657,79.71045086,72.38345549,1446,80.39318287,30.02069444,1591,5,2.95,48,66
"287","BR024-39215","N1C1J1_PH39","L1","C6",140,20,32.1,NA,NA,NA,NA,63,77,15,26,7855,57975,79345,3865,50.53709491,64.35888096,99.01031357,54.53707176,16.86480535,7.325822781,12.48842566,85.04164224,73.02761974,1456,92.54658565,42.00949074,1551,5,3.04,50,65
"288","BR024-39216","N1C1J1_PH39","L3","C6",177,26,20.6,67,755,28,0.027284768,64,84,21,41,13165,138915,185387.5,6615,53.64130787,77.6542188,102.9928477,57.64159722,18.68668596,8.539576412,14.468402,95.02813265,83.71691633,1899,97.6415162,44.00020833,817,3,2.48,53,66
"289","BR024-39217","N1C1J1_PH39","L4","C6",185,25,20.7,13,633,24,0.032701422,61,75,15,44,16570,103375,243570,6891.666667,50.72806713,74.9239614,122.9871888,54.72798611,20.18980272,8.688394391,15.19620695,96.16276177,82.8331704,1993,81.72828704,31.00021991,1111,3,3.37,50,62
"290","BR024-39218","N1C1J1_PH39","L7","C6",185,20,32.1,NA,NA,NA,NA,59,74,16,33,28418,221072,359171,13817,49.87670139,70.4121765,129.9864597,53.87696759,21.09436285,8.60287037,15.57147825,96.07258559,79.5203885,1947,92.87793981,43.00123843,1619,6,2.61,50,62
"291","BR024-40111","N1C2J1_PH40","L2","C5",116,12,34.7,NA,NA,NA,NA,57,73,17,49,19165,65550,191865,3855.882353,45.07976852,30.55488268,99.9918988,46.07984954,29.69083565,18.57792593,24.51480545,28.2055167,31.14444459,1258,102.0800579,57.00028935,1268,8,1.69,39,50
"292","BR024-40112","N1C2J1_PH40","L3","C5",136,14,30.3,NA,641,43,0.047269891,48,71,24,57,32075,208571,472023.5,8690.458333,42.1721875,36.4306806,142.9338269,44.16556713,29.10733433,14.5292745,22.43390353,42.53481479,39.8726864,1406,81.16502315,38.99283565,1386,10,1.46,37,48
"293","BR024-40113","N1C2J1_PH40","L4","C5",132,13,38.1,NA,NA,NA,NA,51,68,18,40,45905,248740,668068,13818.88889,44.21847222,43.77083415,106.0159515,46.21857639,25.71118467,11.3998912,20.07501939,57.10580815,47.19796189,1486,102.2219329,58.00346065,2284,9,2.48,38,50
"294","BR024-40114","N1C2J1_PH40","L7","C5",150,13,47.7,1,1119,80,0.042627346,53,71,19,41,25740,223055,475236,11739.73684,41.38453704,40.32425904,139.938453,44.38472222,27.5392537,14.95940866,21.04803826,43.88542456,44.67162158,1435,86.38392361,44.99938657,1727,11,1.56,37,46
"295","BR024-40215","N1C2J1_PH40","L2","C6",164,16,38.9,52,859,51,0.045285215,49,67,19,45,40084,318555,747090.5,16766.05263,44.59077546,41.61225525,132.0091673,46.59075231,31.57483275,8.422694979,14.6005088,88.98577022,75.49394442,1711,97.59074074,52.99996528,1245,8,1.48,39,50
"296","BR024-40216","N1C2J1_PH40","L3","C6",140,11,36.1,2,679,57,0.053166421,53,72,20,34,30946,336706,517454.5,16835.3,42.64380787,39.83955199,121.998588,44.64377315,26.24778512,12.61665876,20.53417877,46.96172032,42.64840634,1433,75.64395833,33.00015046,2171,12,1.77,37,54
"297","BR024-40217","N1C2J1_PH40","L4","C6",130,13,25.7,NA,NA,NA,NA,51,74,24,44,16160,145567.5,250232.5,6065.3125,44.73798611,43.36868368,101.054972,47.73746528,21.82450376,9.190393348,15.9121949,58.81141095,49.91454698,1315,90.73746528,45.99947917,1166,8,1.39,38,52
"298","BR024-40218","N1C2J1_PH40","L5","C6",122,14,50.7,NA,NA,NA,NA,47,67,21,38,42185,244485,577280,11642.14286,42.79583333,45.53412683,114.9880221,44.79565972,21.23681878,9.398481481,15.82786077,59.4776934,51.42830176,1320,86.79474537,43.99891204,2136,9,2.37,37,48
"299","BR024-41111","N1C1J1.N1C2J1","L2","C5",168,18,60.3,45,1052,55,0.057319392,61,75,15,38,14985,135385,251570,9025.666667,48.0808912,66.08536374,137.9984028,52.0809838,20.50681003,7.333568673,14.63839835,103.6330379,77.33086457,1788,80.1227662,32.041875,1787,9,2.05,46,62
"300","BR024-41112","N1C1J1.N1C2J1","L3","C5",182,23,35.8,40,719,30,0.049791377,55,71,17,50,30950,266890,567132,15699.41176,46.1565625,67.69124671,127.9896305,49.1562037,19.96269925,9.901285342,15.73797178,77.21219757,71.88029156,1767,71.15637731,24.99981481,1291,5,2.69,43,57
"301","BR024-41113","N1C1J1.N1C2J1","L5","C5",170,18,49.8,NA,NA,NA,NA,57,75,19,37,33245,306854.5,465495.5,16150.23684,47.27788194,54.8546701,127.0132305,50.27747685,24.40448548,8.124822049,17.98338372,91.75585576,62.07118846,1783,79.27760417,31.99972222,2749,9,3.02,46,59
"302","BR024-41114","N1C1J1.N1C2J1","L7","C5",149,12,21.5,NA,NA,NA,NA,60,71,12,36,5675,31705,97165,2642.083333,48.3962963,42.52549125,137.047586,52.39622685,30.06667207,8.676466163,17.40282022,85.86445057,61.972714,1634,92.35376157,43.95746528,2166,9,2.33,46,63
"303","BR024-41215","N1C1J1.N1C2J1","L2","C6",155,16,40.2,NA,NA,NA,NA,57,70,14,48,37932,231554,652642,16539.57143,47.5799537,71.19421005,130.9848397,50.58020833,18.07871734,6.584627755,11.62502025,109.2696545,92.40844114,1719,74.64295139,27.06299769,2053,8,2.7,46,60
"304","BR024-41216","N1C1J1.N1C2J1","L3","C6",156,22,26.8,46,674,29,0.039762611,63,74,12,30,1030,4727.5,13665,393.9583333,46.64708333,43.53219118,116.0147704,49.64706019,29.4058251,11.70008681,20.5197989,63.97388433,52.66864482,1629,102.6473495,56.0002662,1892,9,2.08,44,62
"305","BR024-41217","N1C1J1.N1C2J1","L5","C6",158,18,51.1,NA,NA,NA,NA,54,65,12,40,28869,164545,400857.5,13712.08333,44.77563657,82.20388349,133.0939668,47.77511574,15.10999173,6.33475801,11.10528352,112.7904174,94.03181814,1619,81.77519676,36.99956019,2608,10,2.58,43,55
"306","BR024-41218","N1C1J1.N1C2J1","L7","C6",194,18,54,50,832,44,0.064903846,56,70,15,38,36254,289217,489036,19281.13333,46.88234954,64.19732773,111.9222762,50.87959491,24.54930845,9.122188947,16.36925364,99.09902166,80.88334565,1980,78.87982639,31.99747685,3346,13,2.53,46,58
"307","BR024-42111","N5C2J1_PH42","L2","C5",189,12,8.3,68,470,36,0.017659574,77,98,22,29,24735,251201.5,388880,11418.25,70.08212963,70.34084705,230.970594,76.08233796,22.51749967,8.818995404,16.54671602,100.1814787,79.84968125,2051,102.0822685,32.00013889,725,3,2.2,67,80
"308","BR024-42112","N5C2J1_PH42","L3","C5",213,10,20.8,NA,NA,NA,NA,71,89,19,34,16779,159608.5,300078.5,8400.447368,64.14678241,79.83239626,299.0657668,70.14670139,18.53508186,7.422275856,13.51159433,113.5096588,91.82854146,1893,89.14693287,25.00015046,1680,7,2.55,61,NA
"309","BR024-42113","N5C2J1_PH42","L4","C5",198,11,15.6,44,596,50,0.026174497,76,95,20,29,25944,254633.5,446102,12731.675,69.21393519,73.25704667,277.81028,76.2140162,21.7003015,8.694709599,15.92801595,103.5687264,83.57914787,2023,95.21696759,26.00303241,1839,7,2.83,66,NA
"310","BR024-42114","N5C2J1_PH42","L7","C5",203,12,10.4,NA,NA,NA,NA,77,99,23,28,29467,324102.5,451264.5,14091.41304,70.37329861,65.86237957,125.0188107,77.37335648,22.11884857,8.070731932,15.78120856,99.61921753,76.80020165,1932,103.3735995,33.00030093,935,4,2.13,71,80
"311","BR024-42215","N5C2J1_PH42","L2","C6",197,19,4,61,243,12,0.016460905,83,104,22,22,20968,206520,206520,9387.272727,78.57813657,69.52262553,163.9981019,83.57821759,20.41925185,8.037410012,14.76387201,96.29967849,79.7555004,1914,104.5780671,25.99993056,627,3,2.32,NA,NA
"312","BR024-42216","N5C2J1_PH42","L3","C6",174,10,3.9,NA,NA,NA,NA,81,101,21,24,18926,190949,243631,9092.809524,74.71642361,61.51059407,122.0070606,80.65763889,22.16853894,8.973932029,14.75871848,83.57540458,76.80206118,1834,104.6574074,29.9409838,807,4,1.83,73,79
"313","BR024-42217","N5C2J1_PH42","L5","C6",220,9,17.2,NA,NA,NA,NA,76,94,19,29,25732,233928,450419,12312,68.77171296,81.73396121,318.3820379,75.77201389,18.79267782,7.071708003,14.02118512,119.3488192,91.0408064,2030,92.77184028,24.00012731,1854,6,3.14,66,78
"314","BR024-42218","N5C2J1_PH42","L7","C6",189,12,17,119,609,47,0.027914614,74,97,24,31,18163,231888.5,340953.5,9662.020833,63.85913194,61.56686685,218.8227131,70.8600463,21.74708684,10.56032342,15.76843729,70.68912288,70.82185631,1781,94.85983796,31.00070602,1767,8,2.33,62,75
"315","BR024-43111","N5C2J2.N5C2J2","L2","C5",199,9,19.8,NA,NA,NA,NA,68,88,21,38,41673,404476.5,727593,19260.78571,61.0830787,72.02586696,121.0154071,64.08319444,22.66824502,9.132991446,16.0449692,100.6789512,85.08897603,2083,99.08331019,38.00023148,928,4,2.58,59,72
"316","BR024-43112","N5C2J2.N5C2J2","L2","C5",158,26,25.7,95,874,32,0.029405034,64,85,22,42,38889,379661.5,724046.5,17257.34091,57.09814815,32.94968169,198.9953936,61.09800926,33.41155191,6.150032407,20.90177259,98.94256805,43.83599506,1531,105.0866667,47.98851852,774,4,1.98,53,67
"317","BR024-43113","N5C2J2.N5C2J2","L4","C5",210,9,2.3,NA,NA,NA,NA,75,95,21,30,38396,424160,677885.5,20198.09524,67.23260417,73.10560436,116.0282013,71.23261574,18.49926571,8.449949314,13.96299858,89.23130448,80.78493985,1796,92.23277778,25.00017361,249,2,1.66,63,76
"318","BR024-43114","N5C2J2.N5C2J2","L7","C5",190,18,21.8,45,1061,56,0.020546654,63,81,19,38,40105,393483,731516,20709.63158,53.3872338,70.13553488,210.8535739,59.38728009,22.41517089,8.118720238,15.73230502,109.4384304,83.63364418,2009,89.38722222,35.99998843,282,3,0.97,53,67
"319","BR024-43215","N5C2J2.N5C2J2","L1","C6",193,16,3.2,NA,NA,NA,NA,65,88,24,40,31405,364846.5,687663,15201.9375,59.50667824,64.27183465,133.0092368,63.50652778,19.35373413,6.589181548,12.7911169,104.9447484,81.05234345,1681,102.5065972,42.99991898,422,3,1.36,55,69
"320","BR024-43216","N5C2J2.N5C2J2","L3","C6",228,10,3.5,42,214,19,0.01635514,71,89,19,34,32131,294162.5,735658,15482.23684,64.67158565,72.11273054,228.787944,71.74667824,21.98779589,9.242344008,16.68475909,96.51231324,79.4437602,2034,95.67123843,30.99965278,292,2,1.72,62,73
"321","BR024-43217","N5C2J2.N5C2J2","L4","C6",184,10,18.8,NA,NA,NA,NA,68,89,22,37,38850,432745.5,723950,19670.25,60.72914352,61.04406752,119.0110195,64.72928241,22.37236239,8.36548433,16.80998214,92.34372685,68.0101853,1783,92.72944444,32.00030093,558,3,2.07,58,72
"322","BR024-43218","N5C2J2.N5C2J2","L5","C6",185,13,0.6,4,28,2,0.021428571,79,99,21,26,24736,252567,364644,12027,74.84740741,65.2345207,176.0203727,78.79283565,20.49681649,7.744386432,15.06402473,96.2632749,74.03399956,1779,100.7918056,25.94439815,150,1,1.88,71,NA
"323","BR024-44111","N6C2J2_PH44","L2","C5",140,8,17.1,NA,NA,NA,NA,69,89,21,37,27353,258620,575714,12315.2381,61.08418981,47.23432812,122.0240094,65.0841088,22.23806375,7.722357896,15.47005103,75.62457061,56.59321991,1466,97.08469907,36.00050926,1032,6,1.88,59,72
"324","BR024-44112","N6C2J2_PH44","L3","C5",172,11,21.3,8,544,45,0.039154412,58,80,23,47,20900,210489,460228.5,9151.695652,51.14351852,36.2062778,112.9764632,54.14354167,27.27703757,6.913769357,12.99994213,81.28706224,63.69259122,1364,90.14369213,39.00017361,1575,7,2.35,48,61
"325","BR024-44113","N6C2J2_PH44","L4","C5",170,14,14.8,26,486,32,0.030452675,67,92,26,38,28155,252307.5,504803.5,9704.134615,59.2350463,33.2804929,85.01771202,62.23467593,24.32656278,6.229475372,11.53560723,73.20038571,58.68785117,1184,104.2378472,45.00280093,1089,5,2.27,53,73
"326","BR024-44114","N6C2J2_PH44","L7","C5",124,10,7.5,NA,NA,NA,NA,63,90,28,42,11845,170848,280733,6101.714286,57.39861111,42.64452284,72.94596595,59.39885417,17.88506353,6.750014468,12.15830044,61.25912796,51.9603873,1173,92.3559838,34.95737269,793,3,2.83,53,67
"327","BR024-44215","N6C2J2_PH44","L1","C6",163,12,5,12,217,17,0.023041475,66,89,24,39,23403,211542.5,486217.5,8814.270833,59.53842593,31.6263827,102.0129878,63.53819444,30.88560615,8.922918447,18.98365876,60.96660002,42.90532243,1382,104.5381366,44.99971065,715,4,1.79,54,67
"328","BR024-44216","N6C2J2_PH44","L3","C6",117,11,14.5,NA,NA,NA,NA,63,81,19,42,22095,198602.5,385294.5,10452.76316,55.65313657,35.49412524,98.01134391,59.6530787,22.66008796,4.861922333,9.12229059,90.80770316,73.2546276,1207,98.65309028,42.9999537,689,3,2.03,53,66
"329","BR024-44217","N6C2J2_PH44","L4","C6",112,18,12.2,16,423,22,0.028841608,61,81,21,44,10725,107320,199941,5110.47619,54.72138889,35.13893396,96.99550947,55.72143519,21.72518953,6.159109322,11.11546074,70.9518174,57.66742514,1116,92.72168981,38.00030093,733,4,1.93,52,64
"330","BR024-44218","N6C2J2_PH44","L7","C6",125,9,26.1,NA,NA,NA,NA,63,88,26,42,15815,208968,344873.5,8037.230769,55.85538194,29.11343381,118.0245885,59.85555556,36.54326751,8.465963016,24.43790943,72.2304124,36.5927373,1431,95.85564815,40.0002662,1604,7,2.43,53,66
"331","BR024-45111","N4C2J1_PH45","L2","C5",163,23,0.9,8,56,2,0.016071429,65,82,18,41,20075,172915,389722,9606.388889,56.08552083,50.35144358,103.0035765,59.08550926,19.43340509,5.917025047,11.91221088,92.02259509,68.480151,1385,87.08584491,31.00032407,237,1,2.96,54,68
"332","BR024-45112","N4C2J1_PH45","L3","C5",145,19,10.2,NA,NA,NA,NA,64,80,17,41,20090,127320.5,282995.5,7489.441176,54.15511574,71.6519462,109.9732704,57.15518519,17.45242197,7.006058749,12.28126447,103.9814289,85.88285048,1605,80.19321759,26.03810185,1217,4,3.04,53,67
"333","BR024-45113","N4C2J1_PH45","L4","C5",158,16,28.9,NA,NA,NA,NA,62,78,17,43,8570,64005,159740,3765,52.22769676,53.06450018,109.9923616,55.22773148,21.46067514,7.931242816,14.53196907,82.45870353,65.85480573,1512,88.22777778,36.00008102,940,4,2.61,50,65
"334","BR024-45114","N4C2J1_PH45","L5","C5",170,18,25.3,69,783,41,0.032311622,68,88,21,37,13050,145945,217847.5,6949.761905,57.29505787,72.99259586,139.9708394,61.29516204,15.85914279,6.045602378,11.25002315,108.5086248,86.17760046,1554,81.29528935,24.00023148,1303,6,2.17,55,70
"335","BR024-45215","N4C2J1_PH45","L1","C6",170,14,28.7,NA,NA,NA,NA,61,80,20,44,31895,301144,596098.5,15057.2,52.53927083,67.2454976,151.9947224,56.53936343,18.92468708,7.133588735,13.67514207,103.0336942,78.31728507,1644,92.5487963,40.00952546,2395,8,3.19,51,66
"336","BR024-45216","N4C2J1_PH45","L2","C6",156,18,2.2,71,142,7,0.015492958,67,85,19,38,14890,115375,218967.5,6072.368421,56.60091435,61.33963097,158.9668819,60.60090278,19.01380855,6.328975238,13.01853558,101.675228,74.52835182,1607,88.60115741,32.00024306,321,1,2.47,55,70
"337","BR024-45217","N4C2J1_PH45","L4","C6",150,22,5.1,NA,NA,NA,NA,68,85,18,37,13905,95727.5,195315,5318.194444,58.70484954,42.00209654,149.9861124,61.7050463,31.41271767,8.615550214,15.62421548,87.40010578,70.85155741,1716,90.70505787,32.00020833,644,4,1.74,57,71
"338","BR024-45218","N4C2J1_PH45","L5","C6",179,19,2,8,42,2,0.047619048,70,94,25,35,14165,127977.5,216862.5,5119.1,58.79549769,62.48816046,114.9268406,61.79597222,17.59213252,6.093942419,11.16951408,101.1660363,82.21038031,1507,85.79587963,27.00038194,352,2,1.68,57,74
"339","BR024-46111","N6C2J2.N4C2J1","L2","C5",159,15,8.3,31,323,20,0.025696594,61,82,22,45,40555,324727.5,747419,14760.34091,54.08645833,53.66287072,125.9693824,55.08670139,22.76620657,8.726305941,15.80987136,79.35774939,64.72222173,1623,85.08702546,31.00056713,641,4,1.78,50,64
"340","BR024-46112","N6C2J2.N4C2J1","L3","C5",134,12,24,NA,NA,NA,NA,60,80,21,31,11955,106537.5,143968,5073.214286,50.1400463,66.67236645,123.0085423,52.14015046,15.36918598,5.477399253,11.28145327,104.3378387,75.76594784,1433,81.1403588,31.0003125,1076,4,2.45,48,62
"341","BR024-46113","N6C2J2.N4C2J1","L4","C5",110,12,22.3,NA,NA,NA,NA,69,81,13,36,31710,171072.5,568821,13159.42308,60.2174537,55.74943455,105.9877329,63.21725694,18.59032308,6.792289265,13.15829838,85.09649361,65.69998451,1446,93.22028935,33.00283565,1063,4,2.53,57,72
"342","BR024-46114","N6C2J2.N4C2J1","L5","C5",189,17,13.6,23,466,26,0.029184549,66,85,20,39,35072,341450.5,692928,17072.525,57.28684028,54.3245661,104.9769148,61.28694444,20.14374119,7.029503336,14.20853504,86.99049858,64.27474738,1507,83.28697917,26.00013889,1168,5,2.25,55,70
"343","BR024-46215","N6C2J2.N4C2J1","L1","C6",157,13,20.3,34,571,41,0.035551664,58,72,15,47,24285,136110,486970.5,9074,49.51854167,63.13569408,147.9845849,53.51861111,18.41113837,6.603418143,12.62220756,103.5827181,77.87861158,1496,97.51855324,48.00001157,1448,6,2.59,47,60
"344","BR024-46216","N6C2J2.N4C2J1","L2","C6",140,11,32.3,NA,NA,NA,NA,58,75,18,47,24395,214777,502813.5,11932.05556,50.61092593,42.43017474,137.9968056,52.6106713,25.55256976,5.524876157,10.7387208,110.9527132,84.50727203,1478,95.61111111,45.00018519,2734,9,2.97,48,60
"345","BR024-46217","N6C2J2.N4C2J1","L4","C6",168,18,31.9,37,818,43,0.038997555,56,71,16,49,19735,167132,308788.5,10445.75,47.7040625,69.19819812,140.0081023,51.70391204,15.57265983,6.230509259,11.09544055,100.1523269,81.79035304,1434,71.92516204,24.22109954,1047,4,2.91,46,57
"346","BR024-46218","N6C2J2.N4C2J1","L7","C6",160,13,12,NA,NA,NA,NA,60,84,25,45,15095,133101.5,226989,5324.06,51.86137731,54.63052975,171.0059377,54.8609838,19.62638849,6.162551927,12.98580522,100.1208602,69.42195608,1438,99.86833333,48.00695602,654,4,1.72,49,64
"347","BR024-47111","O1J3_PH47","L2","C5",138,7,37.7,NA,NA,NA,NA,51,68,18,55,46404,298554,838664.5,16586.33333,50.08762731,28.92611107,58.00335668,53.08759259,35.16200285,16.59093119,26.00919447,33.3615994,32.42122708,1459,95.0878125,45.00018519,1327,7,2.01,39,52
"348","BR024-47112","O1J3_PH47","L3","C5",164,8,39.7,83,772,86,0.05142487,51,68,18,54,50185,310840,800596.5,17268.88889,51.15842593,29.97549222,68.00708407,53.15822917,39.42554109,14.88573512,26.70015278,43.06136008,36.66645686,1652,104.1645255,53.00609954,1462,6,2.44,40,53
"349","BR024-47113","O1J3_PH47","L4","C5",122,8,45.5,53,816,91,0.055759804,48,66,19,48,39458,281497,671012.5,14815.63158,47.2258912,30.31862129,63.99629651,51.2255787,28.00259259,11.36079925,18.72387731,40.93021887,37.65245778,1260,89.22568287,41.99979167,2324,10,2.42,39,50
"350","BR024-47114","O1J3_PH47","L7","C5",120,6,38.2,NA,NA,NA,NA,50,67,18,45,29567,197448,527704,10969.33333,49.38002315,29.24017115,65.41109053,51.3806713,28.51214502,14.87538339,24.04895171,30.41938403,28.72266569,1253,89.3805787,40.00055556,2624,10,2.65,39,52
"351","BR024-47215","O1J3_PH47","L1","C6",164,9,28.8,NA,NA,NA,NA,48,64,17,57,36487,258952,631458,15232.47059,45.52474537,36.1021967,75.02518206,48.52453704,29.83474964,10.3778101,21.30428489,57.18932937,42.04553237,1509,103.5245833,57.99983796,1402,5,2.7,36,51
"352","BR024-47216","O1J3_PH47","L3","C6",180,8,41.4,134,792,88,0.052272727,47,64,18,58,36549,250437,650962.5,13913.16667,47.65189815,36.33895141,66.98837007,48.65207176,35.31472292,16.51496358,26.62937769,42.9004882,40.09669367,1737,98.65197917,51.00008102,1909,7,2.58,38,49
"353","BR024-47217","O1J3_PH47","L5","C6",149,7,42.3,NA,NA,NA,NA,49,67,19,41,33308,271481,629731,14288.47368,48.77064815,38.73504342,73.01774737,51.77030093,28.17603657,14.21061038,22.2375859,42.29234241,40.80928587,1526,89.77054398,40.99989583,2743,11,2.52,40,50
"354","BR024-47218","O1J3_PH47","L7","C6",198,6,32.6,133,546,78,0.05970696,51,63,13,54,26207,155562,488216.5,11966.30769,48.88855324,40.96939965,87.03525734,52.88835648,37.08865673,14.7743039,25.5637037,56.68625781,49.43532497,2005,97.89002315,49.00146991,2309,7,3.25,40,52
"355","BR024-48111","N6C2J2_PH48","L2","C5",86,7,20.6,NA,483,60,0.042650104,56,68,13,50,1940,10815,36317.5,831.9230769,51.08920139,24.29467322,67,51.08920139,20.92228183,7.522854061,14.53115017,35.82416963,28.81740227,897,95.08938657,44.00018519,900,4,2.05,46,55
"356","BR024-48112","N6C2J2_PH48","L3","C5",87,9,30.3,NA,NA,NA,NA,57,80,24,48,5240,51490,87322.5,2145.416667,50.14885417,19.36228115,90.97999283,51.14907407,34.10755143,10.75022859,25.62761719,34.7899579,21.57828393,1016,97.15493056,47.00607639,1795,8,2.3,46,56
"357","BR024-48113","N6C2J2_PH48","L4","C5",76,11,22.7,NA,NA,NA,NA,59,68,10,32,3520,15070,39980,1507,50.23703704,18.07217755,41.99611147,53.23708333,20.13592436,6.456502114,13.4239372,26.5623703,21.73356413,781,86.23737269,36.00033565,734,5,1.47,44,57
"358","BR024-48114","N6C2J2_PH48","L7","C5",123,11,38.4,6,1123,94,0.034194123,58,83,26,46,25350,344707.5,564075.5,13257.98077,50.40618056,31.7103644,87.03122648,52.39952546,28.57425378,9.628520744,20.90626143,55.0967292,36.60386639,1239,88.40030093,37.99412037,1489,7,2.26,46,61
"359","BR024-48215","N6C2J2_PH48","L1","C6",110,13,3.7,8,172,12,0.021511628,63,86,24,42,4985,56771.5,117911.5,2365.479167,55.52892361,29.26059312,111.3673576,58.52894676,36.349229,9.617733524,35.34094752,63.84040465,25.3247313,1424,95.52909722,40.00017361,895,4,2.08,53,65
"360","BR024-48216","N6C2J2_PH48","L2","C6",116,13,37.2,NA,NA,NA,NA,58,70,13,36,17545,100052,320104.5,7696.307692,49.60752315,48.78565864,110.9974306,52.60737269,17.75726769,5.435996043,9.81084886,92.62331981,74.43290692,1207,81.60787037,32.00034722,2235,9,2.57,48,60
"361","BR024-48217","N6C2J2_PH48","L4","C6",115,10,38.2,NA,NA,NA,NA,55,67,13,43,12450,70015,231627.5,5385.769231,48.71346065,28.89607023,115.0346169,49.71315972,28.24605538,6.235047658,20.64613186,75.86148911,33.29921579,1158,97.71340278,48.99994213,2254,10,2.3,46,57
"362","BR024-48218","N6C2J2_PH48","L5","C6",92,9,29.1,1,700,70,0.041571429,54,72,19,51,6230,54568,124548,2872,48.78763889,27.46191001,110.0484009,49.78719907,25.01646825,9.333109568,16.90366431,44.03677006,34.51914268,990,95.78752315,46.99988426,1869,7,2.56,46,55
"363","BR024-49111","N6C2J2.O1J3","L2","C5",152,5,32.1,NA,NA,NA,NA,58,82,25,38,12160,109997.5,190727.5,4399.9,49.09024306,39.29537452,82,51.09030093,30.04933824,12.76739207,21.40338822,52.32078694,46.18427653,1582,102.0904861,53.00024306,599,5,1.33,44,55
"364","BR024-49112","N6C2J2.O1J3","L3","C5",147,7,39.9,NA,NA,NA,NA,54,80,27,51,11500,120395,209711.5,4459.074074,47.17373843,42.22371629,97.07078078,48.17300926,27.36140021,11.60159893,19.25725767,57.96614794,50.59131559,1507,97.17902778,50.00528935,1861,7,2.7,41,54
"365","BR024-49113","N6C2J2.O1J3","L4","C5",177,7,27.8,36,747,93,0.037215529,53,77,25,52,15775,155487.5,376324,6219.5,47.23039352,36.92337689,102.0377918,48.23002315,34.66638503,13.09495756,23.60489614,56.5103015,45.64730951,1650,95.23295139,48.00255787,1168,5,2.43,41,53
"366","BR024-49114","N6C2J2.O1J3","L5","C5",140,9,24.6,51,920,92,0.02673913,54,76,23,51,8000,37120,209577.5,1613.913043,46.28390046,23.17826701,95.04290131,48.28351852,44.36914975,18.08666415,32.87474682,32.17840477,26.19031577,1416,104.2835532,57.99965278,867,4,2.11,40,50
"367","BR024-49215","N6C2J2.O1J3","L1","C6",192,9,10.2,NA,NA,NA,NA,55,100,46,50,7630,139160,165125,3025.217391,48.52011574,35.46449217,108.0037501,51.5200463,37.16111298,11.68190236,25.81376382,64.84389073,42.91315314,1701,104.5200116,55.99989583,646,2,3.59,44,55
"368","BR024-49216","N6C2J2.O1J3","L4","C6",125,11,19.8,15,916,76,0.021615721,55,82,28,50,7360,81497.5,175322.5,2910.625,48.70274306,24.40111294,64.99473422,48.70274306,34.52301549,12.07865284,20.6217563,37.75255453,33.82350126,1266,102.7026505,53.99990741,585,4,1.63,41,53
"369","BR024-49217","N6C2J2.O1J3","L4","C6",132,7,31.6,1,1023,128,0.030889541,59,80,22,46,8380,80352.5,143622.5,3652.386364,45.71570602,32.48225949,89,46.71570602,30.3611884,16.13021135,22.52358135,34.65546655,36.67267595,1368,104.7155208,58.99981481,1390,8,1.78,40,50
"370","BR024-49218","N6C2J2.O1J3","L7","C6",144,9,33.7,NA,NA,NA,NA,60,79,20,45,13905,130670,281136.5,6533.5,53.86545139,40.58274848,106.0049076,54.86540509,27.40080556,11.61940421,20.36783179,55.08027678,45.90572083,1480,103.8661806,50.00072917,1746,7,2.43,48,63
