plant_id,genotype_name,R01_raceme_start,R02_mean_rate,R03_max_rate,R04_DAS_of_max_rate,R05_main_ext_period,R06_50ht_period,R07_75ht_period,R08_50ht_rate,R09_75ht_rate,R10_max_height,R11_max_height_DAS,R12_extension_days_to_max
BR024-01111,PH01,46.00694444,63.63859828,91.00315983,49.00694444,11.13003773,4.906297381,7.800820629,78.57248961,75.28054136,1107,90.00699074,44.0000463
BR024-01112,PH01,48.10287037,67.98879052,84.996065,52.10300926,13.39191348,5.601257578,9.868438868,87.92668309,76.37986211,1345,67.1030787,19.00020833
BR024-01113,PH01,44.27431713,65.64811204,95,47.27447917,13.97298371,5.897120513,10.116294,85.21107868,75.29931415,1337,100.2743056,55.99998843
BR024-01114,PH01,46.39873843,65.57619154,92.03195554,52.39732639,14.1438528,6.453858396,10.86499731,80.80437593,71.35298592,1315,66.39761574,19.99887731
BR024-01215,PH01,45.53640046,62.98584685,86,49.53604167,12.7917626,5.732102175,9.37222326,75.4522489,71.0343727,1233,64.53609954,18.99969907
BR024-01216,PH01,44.59979167,69.17080145,87.02014355,48.59914352,12.06144764,6.149174036,9.337867442,74.72548301,74.29426519,1237,99.61394676,55.01415509
BR024-01217,PH01,45.77006944,66.81947854,94.04136078,49.7691088,13.01117607,5.976410196,8.947552083,80.8177458,80.97186731,1266,92.76962963,46.99956019
BR024-01218,PH01,44.88809028,67.60669773,99.27576602,47.88568287,14.0178419,6.774506917,10.83972694,77.71783341,72.85700132,1353,64.885625,19.99753472
BR024-02111,PH02,47.00733796,63.22203191,88.00407426,53.00734954,12.56049475,5.517079388,9.222851814,78.75543734,71.48005989,1199,80.00737269,33.00003472
BR024-02112,PH02,46.11133102,39.72805551,78.99817134,51.11075231,19.76940451,5.743045465,9.449594329,74.35079568,68.89184629,1196,77.11100694,30.99967593
BR024-02113,PH02,45.26980324,67.15448724,85.98407702,51.26991898,12.92690981,5.691919143,9.156265553,85.82342576,79.262664,1249,67.26997685,22.00017361
BR024-02114,PH02,46.37304398,65.7388699,80.50689527,51.37246528,11.93205787,5.80433652,8.910262283,75.46082115,73.45462784,1166,80.39947917,34.02643519
BR024-02215,PH02,46.51091435,60.78333193,86.0079637,48.51077546,10.67562405,4.806992394,7.819338027,74.16279677,68.96363837,1031,68.51081019,21.99989583
BR024-02216,PH02,43.5984838,57.78478157,86.01991202,48.59804398,12.81306219,5.860820795,9.147345328,71.32106827,67.72456683,1106,92.59859954,49.00011574
BR024-02217,PH02,43.72287037,65.64587236,88.02241311,47.72265046,12.84772324,6.397053656,9.841159819,73.94028961,71.58709065,1226,81.72274306,37.99987269
BR024-02218,PH02,44.82006944,32.17951976,95.02639622,48.81894676,31.6661034,7.305465123,12.52860022,78.16066333,67.92458736,1420,80.81957176,35.99950231
BR024-03111,PH03,59.00896991,8.592188455,4.000092595,67.00896991,18.57501157,3.999976852,15.31248843,14.50008391,7.934699875,554,90.00899306,31.00002315
BR024-03112,PH03,55.15957176,11.80771446,5.000578771,64.15946759,26.7875719,6.911777301,21.30487015,21.62974782,11.91042227,717,97.16539352,42.00582176
BR024-03113,PH03,63.2068287,17.33681981,7.998703914,69.20684028,28.52887701,10.23898658,27.82194946,21.97483102,14.14350927,974,92.20699074,29.00016204
BR024-03114,PH03,57.37111111,34.01703175,9.005315638,61.3709375,18.89347679,18.29524899,18.66914137,17.57286824,27.97396997,1103,93.37137731,36.0002662
BR024-03215,PH03,55.58657407,14.45379056,9.000520863,65.58677083,27.84044769,8.14292328,21.91691744,24.56120402,14.89716795,806,103.5870139,48.00043981
BR024-03216,PH03,60.65422454,13.81371275,9.998148491,62.65439815,17.091712,7.921790184,13.15237747,12.18158999,13.97085816,649,95.65418981,34.99996528
BR024-03217,PH03,50.71436343,55.48986388,554.0641278,62.71428241,11.95353446,11.3781498,11.73776521,30.27733033,46.32483187,1097,64.7144213,14.00005787
BR024-03218,PH03,58.78840278,25.24464656,88.00713021,67.78886574,25.67673104,24.38175708,25.19111581,13.49369526,20.97961853,1098,84.78887731,26.00047454
BR024-06111,PH06,58.32680556,23.68845587,35.98792072,59.3271412,22.54262595,8.767100694,17.26352887,30.79695436,25.19762924,960,89.32711806,31.0003125
BR024-06112,PH06,58.16930556,22.73897024,35.99833341,60.16927083,23.00016204,9.444600051,18.54787147,28.27012246,23.02150954,940,99.17513889,41.00583333
BR024-06113,PH06,57.27087963,23.02119278,35.99750017,59.27097222,19.4168914,7.384683048,12.91314513,31.28096338,28.34321123,840,95.27112269,38.00024306
BR024-06114,PH06,59.36643519,22.55568874,34.02047529,61.36606481,21.58657205,8.939934722,17.25888662,27.12547771,22.90124553,911,99.32357639,39.9571412
BR024-06215,PH06,57.53335648,23.44433904,39.99398239,59.53019676,20.02615639,8.213422454,13.82365212,28.18557079,27.50720263,895,90.53010417,32.99674769
BR024-06216,PH06,56.64972222,24.88394938,47.99722238,58.64987269,19.98878845,6.615542201,16.73442587,37.94095667,24.2016071,916,101.6900231,45.04030093
BR024-06217,PH06,56.72704861,24.74090514,43.00497743,58.72681713,18.53610438,6.428561508,13.32136161,36.86672356,28.18780926,854,90.72703704,33.99998843
BR024-06218,PH06,56.85546296,18.97504884,48.00222233,58.85543981,35.63627192,11.52646442,35.09033258,30.27814837,15.77357521,1118,92.85569444,36.00023148
BR024-07111,PH07,52.01232639,29.45458419,8.999895835,62.01226852,21.99997106,7.023232935,12.69443287,51.25844513,42.538332,1020,99.01229167,46.99996528
BR024-07112,PH07,51.16333333,42.55609166,81.00750069,53.16313657,16.64626549,6.477299032,11.51393519,61.4453645,51.41595731,1076,92.16516204,41.0018287
BR024-07113,PH07,51.26505787,44.21096189,78.99085754,53.26516204,15.55722768,6.660881788,11.17575404,56.29885231,51.04800966,1082,85.26513889,34.00008102
BR024-07114,PH07,50.28126157,41.30036125,88.98867042,53.28152778,18.74075617,6.522884049,12.41405372,64.69530914,51.71558095,1180,95.28157407,45.0003125
BR024-07215,PH07,50.5233912,35.76433986,82.99807875,55.52340278,19.88572983,7.189166274,12.50001736,55.63927509,47.55993394,1078,89.52342593,39.00003472
BR024-07216,PH07,54.6700463,32.83132085,9.99907416,66.67028935,13.94095602,4.904628329,9.130208218,49.035316,41.20935591,843,84.41799769,29.74795139
BR024-07217,PH07,49.77571759,49.14028622,94.01196912,52.7756713,14.17167163,5.535906498,10.10030093,70.44916675,57.57254207,1066,86.77613426,37.00041667
BR024-07218,PH07,49.88378472,46.29884828,77.97112181,55.884375,17.09113789,6.190662847,11.38025538,71.80168117,58.10502295,1167,94.88510417,45.00131944
BR024-08111,PH08,50.01342593,56.04029995,98,57.01341435,23.88459736,7.846598932,16.01564761,94.88187257,69.66624313,1785,90.01344907,40.00002315
BR024-08112,PH08,49.16710648,62.20528126,87.97556234,57.16722222,22.1042325,7.772779882,14.93934379,98.67769468,76.77713402,1820,82.1672338,33.00012731
BR024-08113,PH08,52.23100694,47.00248815,8.001203885,61.23108796,27.68576837,9.070437543,15.38261149,77.44940602,69.99786745,1797,89.23123843,37.00023148
BR024-08114,PH08,50.37387731,64.84766417,98.96449191,57.36732639,17.99756421,6.907559682,12.25405357,92.5797285,79.09627571,1619,95.36798611,44.9941088
BR024-08215,PH08,50.53489583,62.81423062,95.01099664,54.53486111,19.4000625,6.672477591,12.54690954,100.2626072,80.69716265,1674,83.53494213,33.0000463
BR024-08216,PH08,49.64048611,70.28559904,79.99351904,55.64055556,16.10998576,5.468776403,10.80499323,112.9137406,86.92740292,1587,85.64043981,35.9999537
BR024-08217,PH08,48.77284722,69.92008521,98.02382524,51.7725,17.85323911,6.897046395,12.23822391,100.5502878,85.0000791,1687,98.77296296,50.00011574
BR024-08218,PH08,51.78996528,50.05419504,92.98923736,56.79038194,28.07556887,8.969375494,16.62183118,87.24130242,70.49463967,1857,86.79033565,35.00037037
BR024-09111,PH09,42.01461806,70.83587361,88.00203708,49.01447917,15.71943626,6.903272438,11.8749349,93.21666004,78.9267485,1475,67.01452546,24.99990741
BR024-09112,PH09,48.13986111,82.29451534,93.01722541,50.13971065,15.62558568,6.657376457,11.88691032,110.1785373,90.75108428,1681,75.14592593,27.00606481
BR024-09113,PH09,43.21652778,45.18188864,76.00615791,48.2162963,26.48848988,8.430726772,14.74967014,80.65734051,68.00152075,1592,82.21640046,38.99987269
BR024-09114,PH09,43.2859838,48.9372156,81.99335702,47.28622685,25.29976389,8.991363681,15.25461705,79.91001426,68.38913073,1599,77.2859838,34
BR024-09215,PH09,42.59163194,55.53097599,80.9971876,52.59149306,22.97276389,9.240575489,14.81865104,80.35213834,72.59432704,1633,101.6359606,59.0443287
BR024-09216,PH09,43.60905093,55.74598396,87.00604209,46.60918981,19.54759648,8.456305276,14.76943782,72.90417976,61.76606118,1483,76.60873843,32.9996875
BR024-09217,PH09,42.72409722,53.3276155,99.01031357,43.72399306,21.02475405,10.30368257,15.67800678,63.08424155,60.24362748,1478,74.77864583,32.05454861
BR024-09218,PH09,43.8621875,64.99604082,90.03855818,48.86006944,18.04879167,7.540402077,12.4166985,90.9102715,79.75147342,1519,74.87517361,31.01298611
BR024-10111,PH10,52.01565972,58.58968936,85,57.01563657,23.48706769,8.874958044,16.59145657,87.49337137,69.38812124,1799,89.01565972,37
BR024-10112,PH10,50.09584491,60.10760186,96.00111112,51.09583333,21.30678917,7.828263527,14.83497679,93.9544252,72.54814181,1663,89.09618056,39.00033565
BR024-10113,PH10,50.20252315,57.72008472,88.99690983,51.20255787,22.82047933,8.325006366,15.32962687,92.01194165,72.44142402,1678,88.2025,37.99997685
BR024-10114,PH10,53.29415509,51.26514785,84.996065,58.29399306,28.36429936,10.61466511,18.90398019,77.48713609,64.39120165,1879,104.2939352,50.99978009
BR024-10215,PH10,50.58949074,65.86516761,84.01264079,55.58925926,18.04595726,6.058735703,12.65081073,112.0695857,78.84870157,1574,87.58960648,37.00011574
BR024-10216,PH10,49.64596065,56.96423199,90.97788732,54.64596065,21.94183887,7.016118578,14.31075977,101.1242886,73.17920341,1651,89.64607639,40.00011574
BR024-10217,PH10,51.7187037,55.92868366,75.00694509,57.71872685,27.23110755,10.15009838,18.5135961,86.20606099,69.13837773,1920,89.71887731,38.00017361
BR024-10218,PH10,49.88707176,56.6381322,92.00532438,54.88731481,20.78281812,5.904096918,13.43695974,112.7183394,73.32387825,1579,91.85614583,41.96907407
BR024-11111,PH11,41.01680556,74.15872518,96.99663206,45.01686343,17.04182477,6.86201349,12.49237172,100.1163873,83.85117121,1742,67.01675926,25.9999537
BR024-11112,PH11,41.1662037,79.61905759,96.00333345,47.16646991,18.1928805,8.298352141,14.16251217,100.562134,86.01934355,1835,67.16612269,25.99991898
BR024-11113,PH11,41.22909722,74.35316596,93.98694626,47.22927083,19.04021143,7.142880942,13.72232885,111.2296294,86.19163797,1853,69.2287963,27.99969907
BR024-11114,PH11,42.37782407,74.71642849,87.01712142,47.37847222,17.83945013,6.80651649,13.57420383,111.1434904,82.27001851,1741,79.37771991,36.99989583
BR024-11215,PH11,43.59512731,81.68244201,95.98666852,43.59512731,16.180956,6.816531829,11.33465851,105.1121036,96.58429489,1813,75.59508102,31.9999537
BR024-11216,PH11,42.61,76.91965842,95.01099664,42.61,16.31442502,6.720012653,11.92539829,100.3718348,86.97822705,1751,99.62436343,57.01436343
BR024-11217,PH11,40.71672454,80.03268688,89.99062598,50.71657407,18.03388161,8.05003125,13.16431755,100.9312852,91.66825361,1877,102.7166088,61.99988426
BR024-11218,PH11,41.8762037,78.587098,99.93060375,50.87408565,15.45928061,5.949247685,11.53014313,110.0139101,87.14115593,1701,71.88800926,30.01180556
BR024-12111,PH12,42.32709491,20.79198457,95.96889897,44.32744213,49.02369932,10.76821036,26.74700605,53.16575187,31.84468566,1417,95.3277662,53.0006713
BR024-12112,PH12,43.10539352,29.06312565,97.97165172,44.10568287,29.19162963,6.224735243,15.97995394,76.79041459,44.39937705,1226,92.10547454,49.00008102
BR024-12113,PH12,43.27320602,27.78056327,99.00114585,44.27319444,29.67182458,5.49099568,15.62495081,84.04668786,44.04813867,1207,89.27332176,46.00011574
BR024-12114,PH12,44.39033565,29.97539358,88.97940292,46.39039352,24.68357915,7.327608631,14.78026223,56.1574752,41.72794708,1121,79.38925926,34.99892361
BR024-12215,PH12,42.52798611,31.65026184,97.98865872,44.52826389,26.84653935,7.577959346,20.21141226,64.99111139,35.41316118,1193,81.52795139,38.99996528
BR024-12216,PH12,43.59737269,38.64543439,96.00333345,46.5975,24.23313426,8.974628762,15.55116217,61.33958458,50.91259362,1265,89.59711806,45.99974537
BR024-12217,PH12,43.70962963,16.11640537,96.99326436,45.70962963,46.37510553,6.181594066,12.84986574,68.10541028,48.63864048,1116,95.70952546,51.99989583
BR024-12218,PH12,41.78405093,29.48850759,8.997188379,54.78280093,27.52258647,5.936802662,16.02532651,76.47213927,42.27682971,1194,75.78353009,33.99947917
BR024-13111,PH13,51.0178588,41.65524445,88.00305566,53.01783565,21.74996238,8.804887364,15.76390866,57.92237639,48.05280316,1290,82.01788194,31.00002315
BR024-13112,PH13,49.0991088,45.48628534,92.00212968,51.09915509,17.54594806,6.170728114,12.39165104,74.3024148,54.12918728,1149,79.09944444,30.00033565
BR024-13113,PH13,51.20472222,48.50295128,79.99444483,55.20466435,22.6501681,8.854247685,16.0539527,70.58758939,57.36904905,1484,85.20702546,34.00230324
BR024-13114,PH13,51.29739583,31.45443197,93.98585861,53.29747685,23.1922802,10.53576472,16.80993819,39.81675857,36.48139529,1075,85.29753472,34.00013889
BR024-13215,PH13,51.51407407,46.47223169,99.01145966,54.51409722,18.804778,7.081427918,13.29469256,69.68933466,55.00315231,1251,81.51418981,30.00011574
BR024-13216,PH13,49.65634259,39.2166556,72.01166856,49.65634259,19.72121254,5.528374607,11.2895745,78.68497179,57.26522288,1146,75.65659722,26.00025463
BR024-13217,PH13,48.71125,50.63698732,89.01545407,52.71082176,18.69976968,6.798472072,12.94835044,79.79734185,61.41708967,1311,78.71133102,30.00008102
BR024-13218,PH13,47.8708912,46.727539,95.0407003,48.87046296,20.5574704,8.097356312,14.65350566,69.52886576,55.37923954,1294,77.87164352,30.00075231
BR024-14111,PH14 ,51.01895833,42.62125215,79.99444483,54.01900463,28.16669946,11.39741735,20.55146182,60.23294392,49.03544131,1585,95.01908565,44.00012731
BR024-14112,PH14 ,52.1096875,33.69595711,70,54.10961806,25.13654672,9.314175595,17.78261171,52.28589423,40.03911301,1200,89.11,37.0003125
BR024-14113,PH14 ,51.27876157,37.3577045,79.99074181,53.27884259,27.15637948,11.23179807,19.95542297,51.68362146,42.68263325,1385,92.27892361,41.00016204
BR024-14114,PH14 ,53.38171296,36.97744482,72.00166671,55.38133102,23.73068243,10.39055827,17.50888476,46.91759455,41.76451043,1275,89.38168981,35.99997685
BR024-14215,PH14 ,53.52569444,27.99109911,75.00868156,54.5255787,37.4047477,11.17140179,21.55078115,53.26099727,40.7177816,1430,101.5825347,48.05684028
BR024-14216,PH14 ,52.65090278,30.96932852,72.02250703,53.65059028,22.28333752,7.619982407,15.74987269,49.67203069,36.39711961,1079,86.65078704,33.99988426
BR024-14217,PH14 ,54.71982639,28.45489317,69.9910891,54.71982639,25.34186285,8.203741641,16.57252857,46.99075335,35.91787441,1139,100.7198264,46
BR024-14218,PH14 ,54.87138889,25.11894067,67.003102,54.87138889,24.65072106,7.539748932,16.25456887,42.97225318,31.28351199,1038,103.8721412,49.00075231
BR024-15111,PH15,70.02055556,30.51688153,58,70.02055556,22.63337423,9.267461913,15.21251577,40.73391437,37.68278756,1083,102.0205787,32.00002315
BR024-15112,PH15,43.09480324,33.36416497,76.98930704,46.09505787,22.57811639,6.261254472,11.59379232,67.47849044,54.27473451,1127,77.09498843,34.00018519
BR024-15113,PH15,55.21287037,21.68980991,47.9966669,55.21287037,30.64572731,14.23686495,30.11386688,24.12750288,18.0730692,1103,86.2131713,31.00030093
BR024-16111,PH16,63.32868056,33.58449955,84.01264079,68.32854167,28.53995185,7.815134737,20.16416224,66.08971148,39.31479973,1405,95.32884259,32.00016204
BR024-16112,PH16,55.10430556,30.85153277,73.99828708,61.10405093,27.1137258,7.264000331,14.11818896,61.46750821,48.89083167,1275,103.1042708,47.99996528
BR024-16113,PH16,71.21950231,30.84235735,53.01104397,78.21949074,22.54367239,11.1787996,17.20542958,37.25802544,34.33509155,997,104.2226042,33.00310185
BR024-16114,PH16,76.29858796,35.97138334,76.00263898,83.29851852,23.05999722,8.988140845,16.78986644,49.34279598,40.78352872,1265,104.2983333,27.99974537
BR024-16215,PH16,63.58108796,45.54402248,84.99114676,67.58126157,18.90039468,6.16691358,12.70388632,76.53747598,56.28198979,1272,93.58136574,30.00027778
BR024-16216,PH16,74.66605324,31.37965768,48.01278118,79.6030787,21.60954102,8.452078908,15.23976288,41.94234387,36.53272064,1109,103.6034028,28.93734954
BR024-16217,PH16,69.72472222,23.40734374,48.99376237,70.72484954,26.92744665,10.25882563,18.29370635,33.4833647,28.5754013,1017,104.7248032,35.00008102
BR024-16218,PH16,65.88993056,40.09981969,65.96335369,68.89069444,16.28935005,5.885332158,11.43397917,58.7902247,47.05273572,1068,99.89690972,34.00697917
BR024-17111,PH17,47.02190972,47.16086623,81.00093751,51.02164352,30.77975694,13.51896924,22.52539797,60.8034522,53.96131077,1874,94.02171296,46.99980324
BR024-17112,PH17,51.15287037,53.05705,95.99666678,55.15292824,26.52239429,12.27587963,19.88789234,64.51676164,59.15659538,1838,100.1585417,49.0056713
BR024-17113,PH17,48.27972222,50.1522143,81.98576636,51.27987269,28.52715518,12.26845872,21.08780679,65.00409043,56.58483179,1883,92.28003472,44.0003125
BR024-17114,PH17,49.29951389,48.68214582,92.00532438,52.29953704,31.87616269,13.19625,23.54066778,64.48801743,54.75630565,2052,89.29972222,40.00020833
BR024-17215,PH17,48.53163194,47.19072092,85.00491927,51.53152778,27.4142877,11.51053759,20.40180194,62.94232517,52.94875439,1723,95.53178241,47.00015046
BR024-17216,PH17,47.64010417,51.65244809,96.99214184,52.64023148,29.55716634,12.51821738,21.18386395,68.18063419,60.15191576,1983,90.64015046,43.0000463
BR024-17217,PH17,49.76201389,50.67215498,99.02980063,53.76170139,27.65424128,11.03111943,19.31650837,72.02351539,60.76408724,1817,91.87965278,42.11763889
BR024-17218,PH17,50.87628472,44.95475264,83.02113964,59.87636574,28.49309416,10.94018997,18.93574884,65.85808854,56.546483,1701,104.8764005,54.00011574
BR024-18111,PH18,52.32947917,50.11793544,94.01849901,54.32946759,27.97601273,11.32432281,19.53199912,71.21838662,60.34968528,1789,103.3296875,51.00020833
BR024-18112,PH18,62.1716088,37.38332024,74.9939241,67.17166667,28.58226592,9.512764068,19.15485271,62.91546765,46.58088546,1475,104.177581,42.00597222
BR024-18113,PH18,57.20803241,44.41257945,86.98590506,59.20813657,22.29323341,8.22982154,15.72778356,65.91880484,52.2800938,1419,99.21068287,42.00265046
BR024-18114,PH18,55.37864583,40.95229557,78.94700317,59.37905093,30.34750513,11.58368634,19.80290863,60.94778287,52.59328411,1642,100.3793519,45.00070602
BR024-18215,PH18,55.50857639,36.12894618,79.7332995,57.51188657,35.17678024,11.65689679,19.86489762,59.57846352,53.09617095,1741,92.51802083,37.00944444
BR024-18216,PH18,58.66141204,45.5080526,82,61.66135417,22.58501389,8.999664352,16.28653524,63.44681064,52.58945424,1442,93.66130787,34.99989583
BR024-18217,PH18,53.76030093,44.71204824,93.96845966,55.76097222,27.02403597,10.39336888,18.15381149,65.57065449,55.6770131,1617,91.87825231,38.11795139
BR024-18218,PH18,59.85821759,51.16138424,84.09148842,63.85803241,21.80941772,9.039081197,15.76178451,68.92293436,59.06691589,1532,91.82642361,31.96820602
BR024-19111,PH19,61.02274306,48.04434962,71.99916668,63.02274306,17.45886887,8.428606151,13.54945952,55.76248215,51.69947917,1222,89.0228125,28.00006944
BR024-19112,PH19,56.15715278,50.99060641,78.00812585,59.15717593,20.96464575,10.02100887,16.23103191,60.37316279,55.1412877,1460,89.15740741,33.00025463
BR024-19113,PH19,59.20971065,43.47694796,81.01312713,62.20939815,28.72096729,11.6758314,19.30816599,59.56749253,53.92795983,1683,102.2131019,43.0033912
BR024-19114,PH19,61.28916667,42.00702481,59.00478048,63.28921296,26.07897143,11.88301138,19.57974026,50.61848218,46.48938074,1535,93.2890625,31.99989583
BR024-19215,PH19,63.51736111,34.27517129,55.99870373,65.51746528,29.59284992,10.95246629,20.08627634,49.98874093,41.78225898,1467,99.54427083,36.02690972
BR024-19216,PH19,59.64262731,32.99324283,77,61.64266204,29.26659877,10.24510039,17.07565762,51.53683029,46.93816296,1394,104.6426505,45.00002315
BR024-19217,PH19,56.76846065,50.72431292,86.01991202,58.76802083,23.34777805,9.888024525,17.2097486,65.68551669,57.16236901,1637,89.76834491,32.99988426
BR024-19218,PH19,66.87359954,29.95191333,71.94088191,70.87377315,31.6307005,10.14791967,24.44729812,52.12891088,32.33486155,1346,104.8731019,37.99950231
BR024-20111,PH20,46.02421296,30.81867628,87.00201394,47.02418981,21.58431446,10.93966505,17.74968461,34.5531603,31.4090088,1018,92.02391204,45.99969907
BR024-20112,PH20,46.16266204,22.98541502,81.00468777,47.16260417,31.89413805,11.2041814,19.8210148,37.6198836,31.09073911,1079,88.16236111,41.99969907
BR024-20113,PH20,49.20597222,14.52694083,50.00636655,56.20564815,28.16835319,12.23975278,18.28817508,11.27473753,16.81414349,978,85.208125,36.00215278
BR024-20114,PH20,55.29032407,14.02160713,9.997801409,61.2902662,23.05013947,11.909133,17.40000174,14.44269705,15.31609043,678,97.29046296,42.00013889
BR024-20215,PH20,47.52149306,29.46495837,93.02584051,48.52121528,22.9187495,10.09993168,17.78652829,36.8814376,31.58289189,1057,85.52122685,37.9997338
BR024-20216,PH20,45.613125,30.19083739,95.05500869,47.6124537,21.71519761,10.37854127,17.3786598,34.49425028,31.30275903,1044,83.61275463,37.99962963
BR024-20217,PH20,55.77765046,21.68899347,64.95864901,61.7778125,23.59261165,7.912416667,11.97240934,36.20891215,35.6862172,863,92.77783565,37.00018519
BR024-20218,PH20,46.85891204,31.66260785,88.03668195,48.8562963,20.35524058,4.633353257,11.24061036,75.64715672,47.52855786,1035,84.85680556,37.99789352
BR024-21111,PH21,54.02503472,32.921938,94.99890048,63.02497685,37.02090685,8.989415692,19.14993229,77.20190319,53.36833491,1612,92.02503472,38
BR024-21112,PH21,53.14112269,71.70013701,91.99680567,55.14135417,14.08504979,6.615900872,10.99573018,84.87128372,76.55244227,1421,97.14715278,44.00603009
BR024-21113,PH21,53.21074074,36.31624507,96.0111124,56.21054398,24.55650352,5.951281052,9.528664307,83.84749361,78.13267169,1282,103.2132176,50.00247685
BR024-21114,PH21,54.38798611,73.25717065,88.04279858,58.38769676,7.077805427,4.083102816,6.029100116,74.5756386,72.68912302,835,63.38840278,9.000416667
BR024-21215,PH21,52.58440972,62.51071553,95.01649592,55.58436343,14.78626492,5.838415884,10.58338927,88.63705675,72.9208744,1317,101.6289005,49.04449074
BR024-21216,PH21,53.59590278,41.4324545,94.00870451,57.5959375,22.70201009,6.970697508,18.0701338,77.32368237,43.71854735,1304,104.5961458,51.00024306
BR024-21217,PH21,52.7609375,52.82372159,96.02556236,58.76091435,19.09558754,7.115653935,11.76979836,79.75373805,71.64523759,1403,91.87857639,39.11763889
BR024-21218,PH21,52.86914352,25.8388533,92.00425946,54.86918981,37.67969069,7.700177083,14.39838393,72.7256002,56.8466575,1334,100.8690394,47.99989583
BR024-22111,PH22,61.33064815,78.02136936,96.99775468,65.33072917,20.71355596,8.844086022,15.57922117,101.8194529,86.50945933,2089,88.33112269,27.00047454
BR024-22112,PH22,63.16115741,69.64028118,92.98385697,65.16121528,22.97664474,9.347666292,16.93826901,94.62254774,78.62373654,2089,93.16717593,30.00601852
BR024-22113,PH22,58.26600694,68.7632,95.98333623,62.26623843,21.76309421,9.291804591,15.88026442,89.81032606,78.6038549,1955,95.26622685,37.00021991
BR024-22114,PH22,61.38247685,64.09970266,96.01222378,69.38262731,19.11865343,7.547083152,12.99527225,90.03478381,78.54779648,1665,104.3825116,43.00003472
BR024-22215,PH22,55.58546296,62.45881591,99.01489807,63.58550926,22.97353831,8.191752894,15.2520279,97.96438081,78.53054087,1881,100.5855208,45.00005787
BR024-22216,PH22,63.64825231,81.76458193,86.02489146,65.6481713,16.54506105,6.666770833,12.58326485,110.398275,89.12631285,1842,89.64828704,26.00003472
BR024-22217,PH22,54.72579861,29.70363483,99.00916752,60.72581019,34.30893242,6.140477268,28.87523148,91.76811108,29.37638788,1439,95.7259375,41.00013889
BR024-22218,PH22,59.79357639,53.26720437,96.00444465,65.7934375,23.93968325,7.317689227,16.27301768,95.11199211,65.0155995,1748,93.79387731,34.00030093
BR024-23111,PH23,59.02612269,45.56933529,92.00106483,65.02612269,24.41115265,5.554352984,18.66666281,114.1447081,49.98215319,1496,89.02614583,30.00002315
BR024-23112,PH23,61.1084838,45.58024865,97.00785943,62.10840278,25.05032407,6.525622254,12.93768775,97.61521204,73.62212001,1562,99.10872685,38.00024306
BR024-23113,PH23,56.2684375,43.10769075,75.98416996,61.26826389,26.92095029,7.662908741,18.97417483,82.80145588,50.76637107,1615,103.2682755,46.99983796
BR024-23114,PH23,59.3921875,37.6940861,90.01041787,65.39179398,31.36301002,6.109225964,19.910464,112.4528711,50.04905964,1538,104.3917824,44.99959491
BR024-23215,PH23,60.51528935,36.5088683,91.99787042,65.51524306,28.49992477,5.371562422,17.37379651,109.9307713,50.17613734,1425,99.54206019,39.02677083
BR024-23216,PH23,60.65978009,60.45137637,94.98021246,68.65969907,26.58831108,10.19778961,18.66512731,88.30344954,71.91218026,2067,104.6596181,43.99983796
BR024-23217,PH23,57.76604167,81.14334645,74.96876302,66.76638889,17.70570309,6.799063172,12.302427,116.4130969,97.11498389,1913,92.76630787,35.0002662
BR024-23218,PH23,59.78207176,61.7842688,84.03988004,60.78159722,18.04828351,6.131847431,11.94199104,103.6392388,78.31608624,1499,93.78237269,34.00030093
BR024-24111,PH24,57.02722222,24.03684805,54.99936343,63.02721065,34.41799018,14.75801467,24.68057967,29.84818824,27.6431919,1267,105.0271528,47.99993056
BR024-24112,PH24,55.10763889,21.81952668,62.00574127,56.1075463,33.28669823,13.28937865,24.61677251,29.15862435,24.34315871,1147,99.10762731,43.99998843
BR024-24113,PH24,53.27664352,32.33940563,86.99496557,56.27664352,23.29047134,6.209114987,12.67642633,67.32038316,49.5013329,1138,95.27666667,42.00002315
BR024-24114,PH24,54.36872685,28.98839519,76.00263898,55.36869213,25.53090625,7.912541233,19.02946018,53.14348294,32.59419838,1099,95.36956019,41.00083333
BR024-24215,PH24,51.59255787,23.47891976,95.01429613,55.59256944,38.28966618,7.214493221,16.5264492,73.60184336,46.04739899,1220,100.592581,49.00002315
BR024-24216,PH24,53.66761574,34.67470086,90.98946881,57.66802083,22.58418907,7.058520806,14.43286503,63.39855223,45.53842904,1139,101.7081019,48.04048611
BR024-24217,PH24,57.73515046,33.04203104,85.0078711,62.73517361,27.79490156,10.76326937,19.00016204,47.56918947,40.31544565,1316,101.771088,44.0359375
BR024-24218,PH24,52.86424769,23.54118907,83.00384277,54.86429398,37.36004997,11.8040811,21.5007917,42.82417205,34.38245485,1235,102.8646065,50.0003588
BR024-25111,PH25,50.02833333,57.01344762,97.00449095,53.02831019,23.07174982,9.81483582,16.74422669,76.31304423,65.87345121,1716,86.02833333,36
BR024-25112,PH25,51.17045139,63.54703244,96.00222227,55.17048611,21.14182124,9.180980703,15.31368855,81.20047565,73.08820446,1795,103.1762384,52.00578704
BR024-25113,PH25,54.21170139,52.67736236,77.00445628,58.21175926,23.66481434,10.80667227,17.38960796,63.75690712,59.66206958,1694,89.2119213,35.00021991
BR024-25114,PH25,49.2846875,63.94186743,99.0206293,54.28462963,18.12271125,8.157842349,13.76607787,80.65858248,70.53570446,1552,82.28479167,33.00010417
BR024-25215,PH25,50.53378472,59.59390971,99.01145966,54.53376157,17.95821092,8.347936292,13.52443329,70.79594037,65.84379402,1498,92.54327546,42.00949074
BR024-25216,PH25,47.64481481,50.9484625,97.99319492,52.64491898,19.11932082,5.967345479,14.62031415,94.26301896,56.06924662,1329,78.6450463,31.00023148
BR024-25217,PH25,49.76690972,66.14073368,97.0291986,53.76657407,20.26436547,10.49075112,15.75480608,72.20645986,71.20049553,1757,99.77380787,50.00689815
BR024-25218,PH25,48.78542824,60.15681286,99.02521475,53.78469907,20.53466501,8.453673375,14.71505975,82.863386,70.31911642,1637,89.78533565,40.99990741
BR024-26111,PH26,43.02966435,34.99586173,88.03974016,48.02939815,35.56420498,6.424153814,22.68732711,111.298705,46.10503453,1624,89.02949074,45.99982639
BR024-26112,PH26,45.1127662,40.46206553,97.07302948,48.11221065,25.12723922,10.7392894,18.20251971,51.72595498,46.35347268,1453,77.11258102,31.99981481
BR024-26113,PH26,46.20211806,25.80622988,80.00370388,47.20207176,43.73362577,14.91897554,23.41791651,43.63570396,40.54587861,1494,104.2053241,58.00320602
BR024-26114,PH26,47.39134259,25.95518167,87.09172856,48.39028935,36.40506209,13.21186039,21.37409578,39.39641994,36.76178905,1361,99.34778935,51.95644676
BR024-26215,PH26,42.57885417,28.04002178,80.01852281,47.57883102,47.38940685,12.23543301,19.83585316,63.42235698,56.53903519,1682,93.57915509,51.00030093
BR024-26216,PH26,46.67324074,39.44195758,89.01751502,49.67269676,27.07776352,15.24967593,22.38670102,39.60739906,39.93442354,1460,82.67280093,35.99956019
BR024-26217,PH26,45.73077546,38.10065268,89.98958454,48.73049769,29.36957562,14.42376824,23.31536367,44.30187656,40.2738732,1500,90.7303588,44.99958333
BR024-26218,PH26,46.78079861,30.40677481,92.00532438,48.77993056,35.28161097,12.28831414,21.56812919,48.17585171,41.38050139,1502,89.77982639,42.99902778
BR024-27111,PH27,53.03052083,35.54208069,96.00111112,57.03055556,37.36978742,9,18.08069556,81.88888889,61.19786687,1778,105.0304745,51.9999537
BR024-27112,PH27,53.14777778,69.61803369,80.98875156,61.14799769,21.27178723,8.86828551,15.18779225,96.12906565,81.99019185,1871,82.14806713,29.00028935
BR024-27113,PH27,54.2034838,64.47263516,87.00100696,60.20369213,18.24805202,6.781536926,12.16871635,97.10188224,80.71927814,1595,82.20375,28.0002662
BR024-27114,PH27,53.29636574,61.7101841,98.02269044,57.29616898,18.72462409,6.695168356,12.80117595,95.21791926,75.09075757,1595,104.2961343,50.99976852
BR024-27215,PH27,52.59369213,58.55505192,91.97870863,58.59394676,18.29218769,6.166859568,12.04191889,97.86180362,74.3859852,1469,89.5937963,37.00010417
BR024-27216,PH27,52.67385417,56.7991858,96.00888971,59.67394676,23.15174032,8.484004256,15.69509217,86.6336199,69.92631761,1750,92.6737963,39.99994213
BR024-27217,PH27,49.70827546,70.35017744,94.9901052,50.70837963,13.67160731,4.936186712,9.847011054,113.6504822,82.41079405,1302,89.70847222,40.00019676
BR024-27218,PH27,52.87465278,64.83847296,99.96182014,56.87545139,17.10404254,6.992473841,12.39336268,87.6656837,74.47534811,1540,91.84349537,38.96884259
BR024-28111,PH28,44.03239583,29.95449753,90.98736287,46.03265046,26.19973843,14.51975694,21.17284188,31.9564578,31.38454459,1102,75.03211806,30.99972222
BR024-28112,PH28,46.09280093,32.18194278,9.000520863,57.09259259,38.92244817,14.87463976,27.81622323,48.33730509,37.83763134,1634,105.0811227,58.98832176
BR024-28113,PH28,44.17506944,42.69513246,92.99784727,47.17487269,25.44786577,13.46350281,19.9062519,46.68175948,45.95289985,1445,80.21238426,36.03731481
BR024-28114,PH28,53.29148148,33.76064234,63.01385721,54.29126157,37.48447636,15.49978588,28.07293475,45.90385993,37.67863992,1685,102.291331,48.99984954
BR024-28215,PH28,47.50699074,51.96256802,91.00315983,48.50695602,19.40435276,7.639686904,13.77559755,72.97419475,60.92294705,1427,102.5069792,54.99998843
BR024-28216,PH28,50.66891204,52.41425533,78.99725704,51.66894676,17.73754094,8.575184896,13.97545631,60.69839966,55.54380357,1323,78.66921296,28.00030093
BR024-28217,PH28,39.71771991,56.00947746,92.01810541,47.7177662,23.78526029,8.945350235,16.33328704,83.28349147,68.08182563,1768,77.71780093,38.00008102
BR024-28218,PH28,48.86336806,62.82576412,87.99185261,53.86324074,18.35075174,7.011553293,12.99590856,93.63117879,74.38879669,1541,100.8630903,51.99972222
BR024-29111,PH29,53.03321759,21.42201051,9.99942133,64.03328704,37.92361132,20.2153433,30.09623431,19.49014637,21.78013346,1346,102.0332523,49.00003472
BR024-29112,PH29,56.10643519,34.50526206,61.01271098,60.10625,31.11699306,15.15121224,24.35802407,37.78575541,36.36378703,1553,103.1065046,47.00006944
BR024-29113,PH29,54.22100694,34.82543662,47.00707282,54.22100694,27.25019676,13.26532407,20.41169718,38.67225536,38.48283624,1390,89.22125,35.00024306
BR024-29114,PH29,62.2930787,20.50483558,32.99885421,77.29310185,32.88004907,16.35483423,24.05282407,19.50493631,22.49216135,1188,104.2928356,41.99975694
BR024-29215,PH29,52.51190972,22.37193605,43.99796306,52.51190972,39.64341745,19.31959748,30.53947277,24.14646581,23.87893221,1351,104.5118403,51.99993056
BR024-29216,PH29,52.60186343,41.6889164,57.99261668,54.60200231,26.54422556,12.36393203,18.72656205,49.5796967,49.20817806,1534,93.60225694,41.00039352
BR024-29217,PH29,51.70283565,38.35627637,56.00583394,60.7027662,26.67360069,13.38237983,19.03401395,42.40650819,44.7751064,1439,97.70299769,46.00016204
BR024-29218,PH29,54.86208333,29.10909524,66.97519437,62.86354167,34.48406732,13.93358468,26.00084491,38.39643655,31.84511899,1472,97.86366898,43.00158565
BR024-30111,PH30,59.034375,69.11463582,97,60.034375,19.92631494,7.333371914,13.71518519,106.090351,84.03094704,1798,104.0342014,44.99982639
BR024-30112,PH30,58.14459491,75.65286172,96.98877445,67.14472222,18.51483167,6.788363051,13.07958111,118.9535672,90.08316016,1783,88.14472222,30.00012731
BR024-30113,PH30,54.22211806,38.61013389,90.01562771,62.22203704,32.10038079,7.744407793,13.28750637,91.54993112,78.30664169,1626,103.2247685,49.00265046
BR024-30114,PH30,58.39480324,63.72408553,95.930051,59.39553241,20.02539525,7.282217277,13.5317491,100.5874958,79.23957146,1659,89.39542824,31.000625
BR024-30215,PH30,54.51298611,62.19822809,91.99041766,59.51310185,20.46682099,8.67997963,15.1397258,84.44720279,70.70801773,1650,99.53984954,45.02686343
BR024-30216,PH30,55.60408565,60.33769912,89.01133246,55.60408565,15.36187182,6.843537521,11.62042056,77.51838846,66.97261909,1291,77.60438657,22.00030093
BR024-30217,PH30,58.73283565,70.27126593,85.98905232,68.73309028,18.65912023,7.639099473,13.02196783,96.87005682,84.24226003,1728,82.73313657,24.00030093
BR024-30218,PH30,53.86655093,63.73000352,95.98889017,64.86699074,17.73575926,7.138352172,12.94297521,93.50897573,73.92040737,1457,91.83527778,37.96872685
BR024-31111,PH31,52.03549769,44.03792945,97.99886575,55.03550926,30.63949683,8.948231362,20.31441196,83.87132268,55.36709613,1797,103.0353588,50.99986111
BR024-31112,PH31,49.15398148,69.43449297,96.99663206,55.15403935,22.61700104,9.876586282,16.67595593,90.71960436,79.00596555,1986,86.15424769,37.0002662
BR024-31113,PH31,51.22667824,46.43076411,84.99409763,55.22663194,26.29506586,11.050807,19.00585405,61.57921319,53.5755982,1651,88.22666667,36.99998843
BR024-31114,PH31,53.3768287,51.49660657,92.04474397,58.37615741,22.23835853,9.147898663,16.77638741,69.3055338,56.83583579,1578,82.37645833,28.99962963
BR024-31215,PH31,49.57760417,62.45039436,99.02406835,51.57747685,25.52105581,9.954952667,17.12786391,91.71314325,78.14751489,2002,92.57792824,43.00032407
BR024-31216,PH31,51.66563657,48.22574968,98.98739744,55.66576389,24.73574818,6.891219878,17.36876167,98.74884448,57.61780943,1581,87.66563657,36
BR024-31217,PH31,54.7783912,44.55854257,93.02045589,58.7784375,24.34774428,10.91882738,17.46137628,55.36308788,51.8143579,1501,101.9050463,47.12665509
BR024-31218,PH31,50.88337963,63.40897356,99.0057295,54.88290509,21.22254824,9.091695698,15.81551325,82.32787643,70.92719548,1793,81.88378472,31.00040509
BR024-32111,PH32,50.03655093,78.13591847,93.0010764,51.03653935,17.92133538,7.764317708,13.76709872,103.2286455,85.40288871,1797,73.03649306,22.99994213
BR024-32112,PH32,50.09363426,72.12004147,92.97632547,55.09384259,19.96671065,8.642992725,15.21309377,93.94893943,79.17521698,1870,77.09387731,27.00024306
BR024-32113,PH32,55.22440972,72.99005396,92.98278097,57.22447917,21.89476392,8.446088927,15.52215788,104.4862312,85.66785688,2089,83.22467593,28.0002662
BR024-32114,PH32,51.2825463,67.17585261,88.99381987,56.28265046,23.90442306,9.142632275,17.06240162,99.42432033,78.79898914,2042,82.28258102,31.00003472
BR024-32215,PH32,52.53266204,69.73751659,95.68327066,57.53604167,21.86627908,8.069774232,14.72552762,106.1367983,86.53340194,1971,81.53284722,29.00018519
BR024-32216,PH32,50.65853009,72.95253142,97.97732006,54.65856481,18.96301572,7.666859568,13.65485901,102.3887281,84.87821071,1796,85.65856481,35.00003472
BR024-32217,PH32,50.77385417,86.0116111,95.01979579,57.77376157,19.30785831,8.699914352,14.53558614,110.7482167,96.26374789,2043,84.77402778,34.00017361
BR024-32218,PH32,48.88635417,42.03876808,95.03629859,49.88597222,29.54177909,11.83688884,19.81697507,58.58803014,52.29102808,1671,81.88709491,33.00074074
BR024-33111,PH33,46.03833333,36.98636312,96.9943869,50.03766204,39.73085959,10.73685793,26.22546131,77.07096485,46.85332264,1905,102.0376852,55.99935185
BR024-33112,PH33,47.09728009,42.1087367,85.99402819,50.09696759,29.6921755,10.2497772,22.46218403,70.19664779,46.80088093,1627,105.0855556,57.98827546
BR024-33113,PH33,50.23592593,30.7469921,76.00791749,52.2358912,25.60575673,10.29561369,19.9252338,43.17372557,33.06109262,1157,102.2393981,52.00347222
BR024-33114,PH33,50.4006713,30.96107168,83.52590384,51.394375,33.95554298,12.79094923,25.08358576,45.38365289,34.8734032,1477,104.3939815,53.99331019
BR024-33215,PH33,56.5162963,32.13377354,80.99062608,59.51642361,33.9300331,11.63518675,21.6640162,52.89988148,42.10899731,1487,99.54315972,43.02686343
BR024-33216,PH33,48.65539352,39.58505791,91.00210653,50.65521991,35.65739384,16.98906388,25.769485,47.64829925,46.01372514,1805,104.6552199,55.99982639
BR024-33217,PH33,49.73393519,30.57751485,92.98816123,50.7340625,42.06031806,12.79181568,23.64120932,55.85602683,45.33397533,1729,104.7340625,55.00012731
BR024-33218,PH33,50.79130787,47.83123917,98.02382524,53.79068287,26.19626884,8.737689929,17.65400196,82.97387592,59.75982117,1620,87.79200231,37.00069444
BR024-34111,PH34,54.03883102,56.31534814,97.99773153,58.03880787,23.07363877,9.312463831,16.88371555,77.85265137,64.20387722,1736,89.03884259,35.00001157
BR024-34112,PH34,57.14582176,43.90027006,88.98867042,61.14575231,27.56019492,12.67576164,20.08604727,53.13290193,50.22142915,1641,100.1513889,43.00556713
BR024-34113,PH34,53.26484954,59.87771376,62.99270918,53.26484954,21.14810203,8.146390286,15.61336411,87.33929692,67.77847442,1687,89.26480324,35.9999537
BR024-34114,PH34,54.38466435,56.21107998,95.97889353,60.38528935,27.21705401,10.81583181,18.6893945,81.13106929,68.76894809,1931,94.3850463,40.00038194
BR024-34215,PH34,50.58240741,56.83248284,77.99097327,50.58240741,21.40149329,9.639312554,16.38322994,71.94496455,62.2740451,1607,90.5824537,40.0000463
BR024-34216,PH34,61.67508102,82.9300548,83.98444732,62.6752662,19.24633963,7.361348895,13.58298637,119.6112306,97.75096311,2089,87.6749537,25.99987269
BR024-34217,PH34,52.73601852,57.17295645,94.99340324,53.73608796,23.63005316,9.000358796,16.44032083,83.44111796,68.49014757,1800,95.73636574,43.00034722
BR024-34218,PH34,52.78385417,61.57337477,99.0206293,58.78396991,18.70613726,6.986327921,13.30809473,92.03690512,72.21168917,1572,79.78454861,27.00069444
BR024-35111,PH35,59.03993056,24.46927088,98.0034029,61.03989583,29.47778884,5.950000579,21.79758446,68.99158993,27.74389984,1077,105.0398032,45.99987269
BR024-35112,PH35,60.15055556,38.03933474,99.98611304,61.15069444,15.91510483,4.454643308,10.01607658,76.10036911,50.46886335,966,90.15084491,30.00028935
BR024-35113,PH35,58.27532407,40.78114757,87.98676125,62.27554398,22.23576466,6.840939604,16.11119084,74.55116249,47.04804303,1292,100.2754051,42.00008102
BR024-35114,PH35,58.39259259,25.5858439,97.930859,59.39329861,26.55765441,3.956064009,21.59114236,99.46755136,26.50392418,1015,102.3932986,44.00070602
BR024-35215,PH35,56.58782407,46.68201294,87.9806524,60.58778935,21.28014491,7.191427305,15.63185705,77.73143999,53.12868443,1386,83.588125,27.00030093
BR024-35216,PH35,56.60644676,31.65215697,92.03302111,59.60622685,24.98091997,10.09380172,19.1772385,44.13599675,34.48098119,1163,102.6064931,46.0000463
BR024-35217,PH35,57.71209491,27.06909215,84.99114676,61.71217593,30.18202441,7.361201775,20.35738591,61.53886469,33.42767106,1210,102.7122106,45.00011574
BR024-35218,PH35,62.87947917,31.08206682,84.93708364,66.87913194,28.71430671,11.1526699,20.91598235,44.33915865,35.53502712,1295,104.8785995,41.99912037
BR024-36111,PH36,51.04097222,59.05943926,99.9942133,54.04104167,24.9900781,10.50894562,17.68028626,79.88432238,69.97907059,1891,89.04106481,38.00009259
BR024-36112,PH36,51.10185185,58.67232542,95.005498,53.10184028,22.16377126,10.09673163,16.57793364,73.48912768,65.81037321,1696,86.10211806,35.0002662
BR024-36113,PH36,51.21515046,73.86941053,94.01196912,56.21496528,19.32599691,8.932525025,14.99167911,91.12764842,79.87764355,1834,80.25013889,29.03498843
BR024-36114,PH36,53.37571759,40.47912291,92.00106483,55.37533565,32.37224292,11.05857298,18.58920579,66.55469933,58.90515241,1736,89.37569444,35.99997685
BR024-36215,PH36,49.50972222,58.33707803,86.00497714,50.50966435,24.07902568,10.1917201,16.9669356,78.05355643,69.32601312,1823,81.50976852,32.0000463
BR024-36216,PH36,51.66673611,64.21573694,87.99592611,52.66678241,20.2831901,9.82742319,15.62053737,75.35037269,69.89196174,1705,80.66695602,29.00021991
BR024-36217,PH36,50.76346065,73.96501455,96.96745305,55.76347222,20.48400868,9.161440527,15.46325555,95.12696147,82.37269286,1909,78.76380787,28.00034722
BR024-36218,PH36,49.88047454,41.75606088,99.01260577,51.88104167,26.68594634,11.39486556,17.54013057,56.82383846,53.54863216,1467,85.8812037,36.00072917
BR024-37111,PH37,51.07734954,44.67520934,88.99896992,52.07736111,34.57846136,10.37023448,17.82608444,86.7868515,73.09513227,1912,89.07765046,38.00030093
BR024-37112,PH37,50.09141204,67.66988622,81.00562539,56.09153935,24.25155548,9.373065476,16.91400648,98.740375,81.16054594,2089,85.09193287,35.00052083
BR024-37113,PH37,49.22346065,53.19232253,95.01429613,50.22331019,25.08068715,8.956737009,16.42259817,84.2382666,68.00081134,1749,92.22344907,42.99998843
BR024-37114,PH37,53.38613426,39.56325072,93.96737244,57.3859838,32.45436047,7.835818913,19.17503957,93.92764281,56.24499476,1670,104.3858102,50.99967593
BR024-37215,PH37,49.52233796,25.90518914,99.9965279,52.52228009,41.30446584,19.12961806,28.73774612,32.30592468,31.33509484,1430,95.5224537,46.00011574
BR024-37216,PH37,50.66341435,76.94371316,97.99886575,51.66342593,18.17822331,7.378399068,13.31388621,108.0857775,88.12227939,1803,94.66350694,44.00009259
BR024-37217,PH37,48.70746528,53.80540047,98.02836469,49.70717593,24.99749074,8.9747364,17.4671753,87.91344556,65.0648992,1690,90.70726852,41.99980324
BR024-37218,PH37,50.86811343,67.50115419,98.01247844,51.86798611,19.84706804,8.427598193,14.72973422,91.42581105,76.46098588,1723,85.868125,35.00001157
BR024-38111,PH38,50.07767361,68.4529458,93.97607091,55.0778588,17.029216,7.183901484,12.80326414,93.61208551,76.60155954,1533,79.07791667,29.00024306
BR024-38112,PH38,55.16826389,55.18730726,92.01171445,64.16815972,22.38195812,9.055461034,16.42252146,78.18486517,63.17543885,1618,92.17005787,37.00179398
BR024-38113,PH38,49.26717593,40.79306414,94.99340324,49.26717593,25.59258595,6.922032516,13.78270733,86.10187812,63.55790479,1420,102.2672685,53.00009259
BR024-38114,PH38,53.37461806,43.30337938,79.97130659,57.37443287,25.2820915,7.861261396,14.74993634,79.63098649,62.30535364,1472,89.37458333,35.99996528
BR024-38215,PH38,50.54040509,40.91759317,94.00761636,51.54032407,26.00592844,6.861595964,12.72829547,91.59676601,70.76752755,1389,85.54048611,35.00008102
BR024-38216,PH38,50.66230324,37.8862459,88.02445124,53.66210648,22.71008857,5.951686828,18.0263898,87.0341493,40.60713254,1156,79.66259259,29.00028935
BR024-38217,PH38,52.76420139,42.84037698,98.98968857,56.76467593,23.7743006,7.093524404,12.30490035,83.52688541,69.78926893,1365,88.76462963,36.00042824
BR024-38218,PH38,54.78060185,46.30456899,99.02177562,57.78085648,29.88258028,10.63415695,20.33711127,74.71208141,57.17380334,1773,95.78090278,41.00030093
BR024-39111,PH39,50.07875,66.0590096,94.00435205,53.07871528,24.22076882,10.53718612,18.03076861,84.65258087,74.01237455,2070,81.07907407,31.00032407
BR024-39112,PH39,52.10078704,71.34094874,89.99270892,58.10091435,18.67510909,8.58324267,14.18441072,86.85528636,78.41355006,1767,92.10103009,40.00024306
BR024-39113,PH39,51.17534722,61.27942682,97.01010522,53.17512731,22.007386,8.793574184,15.3846786,86.76790393,73.38469848,1764,95.18116898,44.00582
BR024-39114,PH39,50.37248843,64.73045763,99.03668025,54.36575231,16.44357292,7.602516276,12.3301657,79.71045086,72.38345549,1446,80.39318287,30.02069444
BR024-39215,PH39,50.53709491,64.35888096,99.01031357,54.53707176,16.86480535,7.325822781,12.48842566,85.04164224,73.02761974,1456,92.54658565,42.00949074
BR024-39216,PH39,53.64130787,77.6542188,88.01120513,63.64163194,18.68668596,8.539576412,14.468402,95.02813265,83.71691633,1899,97.6415162,44.00020833
BR024-39217,PH39,50.72806713,74.9239614,84.00680611,51.72798611,20.18980272,8.688394391,15.19620695,96.16276177,82.8331704,1993,81.72828704,31.00021991
BR024-39218,PH39,49.87670139,70.4121765,95.96334733,55.87728009,21.09436285,8.60287037,15.57147825,96.07258559,79.5203885,1947,92.87793981,43.00123843
BR024-40111,PH40,45.07976852,30.55488268,99.9918988,46.07984954,29.69083565,18.57792593,24.51480545,28.2055167,31.14444459,1258,102.0800579,57.00028935
BR024-40112,PH40,42.1721875,36.4306806,94.6705833,43.16510417,29.10733433,14.5292745,22.43390353,42.53481479,39.8726864,1406,81.16502315,38.99283565
BR024-40113,PH40,44.21847222,43.77083415,99.97454352,45.21872685,25.71118467,11.3998912,20.07501939,57.10580815,47.19796189,1486,102.2219329,58.00346065
BR024-40114,PH40,41.38453704,40.32425904,88.05911376,42.38386574,27.5392537,14.95940866,21.04803826,43.88542456,44.67162158,1435,86.38392361,44.99938657
BR024-40215,PH40,44.59077546,41.61225525,90.01979602,48.5903125,31.57483275,8.422694979,14.6005088,88.98577022,75.49394442,1711,97.59074074,52.99996528
BR024-40216,PH40,42.64380787,39.83955199,93.97607091,45.64402778,26.24778512,12.61665876,20.53417877,46.96172032,42.64840634,1433,75.64395833,33.00015046
BR024-40217,PH40,44.73798611,43.36868368,83.99611129,46.73800926,21.82450376,9.190393348,15.9121949,58.81141095,49.91454698,1315,90.73746528,45.99947917
BR024-40218,PH40,42.79583333,45.53412683,89.00618098,45.79559028,21.23681878,9.398481481,15.82786077,59.4776934,51.42830176,1320,86.79474537,43.99891204
BR024-41111,PH41 ,48.0808912,66.08536374,97,49.0808912,20.50681003,7.333568673,14.63839835,103.6330379,77.33086457,1788,80.1227662,32.041875
BR024-41112,PH41 ,46.1565625,67.69124671,98.00794046,47.15648148,19.96269925,9.901285342,15.73797178,77.21219757,71.88029156,1767,71.15637731,24.99981481
BR024-41113,PH41 ,47.27788194,54.8546701,73.99743064,47.27788194,24.40448548,8.124822049,17.98338372,91.75585576,62.07118846,1783,79.27760417,31.99972222
BR024-41114,PH41 ,48.3962963,42.52549125,74.02827469,49.39591435,30.06667207,8.676466163,17.40282022,85.86445057,61.972714,1634,92.35376157,43.95746528
BR024-41215,PH41 ,47.5799537,71.19421005,91.00105325,53.58,18.07871734,6.584627755,11.62502025,109.2696545,92.40844114,1719,74.64295139,27.06299769
BR024-41216,PH41 ,46.64708333,43.53219118,91.00631988,47.64701389,29.4058251,11.70008681,20.5197989,63.97388433,52.66864482,1629,102.6473495,56.0002662
BR024-41217,PH41 ,44.77563657,82.20388349,98.99770839,45.77565972,15.10999173,6.33475801,11.10528352,112.7904174,94.03181814,1619,81.77519676,36.99956019
BR024-41218,PH41 ,46.88234954,64.19732773,86.98993172,53.87917824,24.54930845,9.122188947,16.36925364,99.09902166,80.88334565,1980,78.87982639,31.99747685
BR024-42111,PH42,70.08212963,70.34084705,98.0034029,77.08230324,22.51749967,8.818995404,16.54671602,100.1814787,79.84968125,2051,102.0822685,32.00013889
BR024-42112,PH42,64.14678241,79.83239626,90.00833411,66.1468287,18.53508186,7.422275856,13.51159433,113.5096588,91.82854146,1893,89.14693287,25.00015046
BR024-42113,PH42,69.21393519,73.25704667,90.98841583,82.21418981,21.7003015,8.694709599,15.92801595,103.5687264,83.57914787,2023,95.21696759,26.00303241
BR024-42114,PH42,70.37329861,65.86237957,97.50564269,75.37336806,22.11884857,8.070731932,15.78120856,99.61921753,76.80020165,1932,103.3735995,33.00030093
BR024-42215,PH42,78.57813657,69.52262553,93.98259582,90.57806713,20.41925185,8.037410012,14.76387201,96.29967849,79.7555004,1914,104.5780671,25.99993056
BR024-42216,PH42,74.71642361,61.51059407,95,79.65769676,22.16853894,8.973932029,14.75871848,83.57540458,76.80206118,1834,104.6574074,29.9409838
BR024-42217,PH42,68.77171296,81.73396121,98.02949962,76.77171296,18.79267782,7.071708003,14.02118512,119.3488192,91.0408064,2030,92.77184028,24.00012731
BR024-42218,PH42,63.85913194,61.56686685,89.05256575,76.85956019,21.74708684,10.56032342,15.76843729,70.68912288,70.82185631,1781,94.85983796,31.00070602
BR024-43111,PH43,61.0830787,72.02586696,91.97445154,63.08332176,22.66824502,9.132991446,16.0449692,100.6789512,85.08897603,2083,99.08331019,38.00023148
BR024-43112,PH43,57.09814815,32.94968169,99.00687548,62.09793981,33.41155191,6.150032407,20.90177259,98.94256805,43.83599506,1531,105.0866667,47.98851852
BR024-43113,PH43,67.23260417,73.10560436,99.98611304,69.23259259,18.49926571,8.449949314,13.96299858,89.23130448,80.78493985,1796,92.23277778,25.00017361
BR024-43114,PH43,53.3872338,70.13553488,92.00319456,55.38685185,22.41517089,8.118720238,15.73230502,109.4384304,83.63364418,2009,89.38722222,35.99998843
BR024-43215,PH43,59.50667824,64.27183465,89.00206023,60.50665509,19.35373413,6.589181548,12.7911169,104.9447484,81.05234345,1681,102.5065972,42.99991898
BR024-43216,PH43,64.67158565,72.11273054,98.98281548,69.67137731,21.98779589,9.242344008,16.68475909,96.51231324,79.4437602,2034,95.67123843,30.99965278
BR024-43217,PH43,60.72914352,61.04406752,89.98125391,63.729375,22.37236239,8.36548433,16.80998214,92.34372685,68.0101853,1783,92.72944444,32.00030093
BR024-43218,PH43,74.84740741,65.2345207,98.00907491,79.79274306,20.49681649,7.744386432,15.06402473,96.2632749,74.03399956,1779,100.7918056,25.94439815
BR024-44111,PH44,61.08418981,47.23432812,92.97524964,63.0844213,22.23806375,7.722357896,15.47005103,75.62457061,56.59321991,1466,97.08469907,36.00050926
BR024-44112,PH44,51.14351852,36.2062778,91.99680567,55.14357639,27.27703757,6.913769357,12.99994213,81.28706224,63.69259122,1364,90.14369213,39.00017361
BR024-44113,PH44,59.2350463,33.2804929,89.98750174,64.23493056,24.32656278,6.229475372,11.53560723,73.20038571,58.68785117,1184,104.2378472,45.00280093
BR024-44114,PH44,57.39861111,42.64452284,72.94596595,59.39885417,17.88506353,6.750014468,12.15830044,61.25912796,51.9603873,1173,92.3559838,34.95737269
BR024-44215,PH44,59.53842593,31.6263827,85.01082314,61.53822917,30.88560615,8.922918447,18.98365876,60.96660002,42.90532243,1382,104.5381366,44.99971065
BR024-44216,PH44,55.65313657,35.49412524,98.01134391,59.6530787,22.66008796,4.861922333,9.12229059,90.80770316,73.2546276,1207,98.65309028,42.9999537
BR024-44217,PH44,54.72138889,35.13893396,96.99550947,55.72143519,21.72518953,6.159109322,11.11546074,70.9518174,57.66742514,1116,92.72168981,38.00030093
BR024-44218,PH44,55.85538194,29.11343381,85.99800931,57.85581019,36.54326751,8.465963016,24.43790943,72.2304124,36.5927373,1431,95.85564815,40.0002662
BR024-45111,PH45,56.08552083,50.35144358,89.01751502,60.0853125,19.43340509,5.917025047,11.91221088,92.02259509,68.480151,1385,87.08584491,31.00032407
BR024-45112,PH45,54.15511574,71.6519462,96.9943869,60.15501157,17.45242197,7.006058749,12.28126447,103.9814289,85.88285048,1605,80.19321759,26.03810185
BR024-45113,PH45,52.22769676,53.06450018,96.0111124,56.22761574,21.46067514,7.931242816,14.53196907,82.45870353,65.85480573,1512,88.22777778,36.00008102
BR024-45114,PH45,57.29505787,72.99259586,88.00509289,64.29515046,15.85914279,6.045602378,11.25002315,108.5086248,86.17760046,1554,81.29528935,24.00023148
BR024-45215,PH45,52.53927083,67.2454976,85.71725212,57.54266204,18.92468708,7.133588735,13.67514207,103.0336942,78.31728507,1644,92.5487963,40.00952546
BR024-45216,PH45,56.60091435,61.33963097,99.97801409,58.60105324,19.01380855,6.328975238,13.01853558,101.675228,74.52835182,1607,88.60115741,32.00024306
BR024-45217,PH45,58.70484954,42.00209654,95.97334074,63.70521991,31.41271767,8.615550214,15.62421548,87.40010578,70.85155741,1716,90.70505787,32.00020833
BR024-45218,PH45,58.79549769,62.48816046,99.04356083,60.79533565,17.59213252,6.093942419,11.16951408,101.1660363,82.21038031,1507,85.79587963,27.00038194
BR024-46111,PH46,54.08645833,53.66287072,99.00458355,57.08658565,22.76620657,8.726305941,15.80987136,79.35774939,64.72222173,1623,85.08702546,31.00056713
BR024-46112,PH46,50.1400463,66.67236645,72.98732859,51.14021991,15.36918598,5.477399253,11.28145327,104.3378387,75.76594784,1433,81.1403588,31.0003125
BR024-46113,PH46,60.2174537,55.74943455,95.01649592,62.2171412,18.59032308,6.792289265,13.15829838,85.09649361,65.69998451,1446,93.22028935,33.00283565
BR024-46114,PH46,57.28684028,54.3245661,96.98765204,62.28707176,20.14374119,7.029503336,14.20853504,86.99049858,64.27474738,1507,83.28697917,26.00013889
BR024-46215,PH46,49.51854167,63.13569408,98.99656262,52.51850694,18.41113837,6.603418143,12.62220756,103.5827181,77.87861158,1496,97.51855324,48.00001157
BR024-46216,PH46,50.61092593,42.43017474,94.98570817,54.61083333,25.55256976,5.524876157,10.7387208,110.9527132,84.50727203,1478,95.61111111,45.00018519
BR024-46217,PH46,47.7040625,69.19819812,93.99020935,50.70396991,15.57265983,6.230509259,11.09544055,100.1523269,81.79035304,1434,71.92516204,24.22109954
BR024-46218,PH46,51.86137731,54.63052975,95.96445761,55.86135417,19.62638849,6.162551927,12.98580522,100.1208602,69.42195608,1438,99.86833333,48.00695602
BR024-47111,PH47,50.08762731,28.92611107,58.00335668,53.08759259,35.16200285,16.59093119,26.00919447,33.3615994,32.42122708,1459,95.0878125,45.00018519
BR024-47112,PH47,51.15842593,29.97549222,68.00708407,53.15822917,39.42554109,14.88573512,26.70015278,43.06136008,36.66645686,1652,104.1645255,53.00609954
BR024-47113,PH47,47.2258912,30.31862129,63.99629651,51.2255787,28.00259259,11.36079925,18.72387731,40.93021887,37.65245778,1260,89.22568287,41.99979167
BR024-47114,PH47,49.38002315,29.24017115,9.001145979,56.38009259,28.51214502,14.87538339,24.04895171,30.41938403,28.72266569,1253,89.3805787,40.00055556
BR024-47215,PH47,45.52474537,36.1021967,75.02518206,48.52453704,29.83474964,10.3778101,21.30428489,57.18932937,42.04553237,1509,103.5245833,57.99983796
BR024-47216,PH47,47.65189815,36.33895141,66.98837007,48.65207176,35.31472292,16.51496358,26.62937769,42.9004882,40.09669367,1737,98.65197917,51.00008102
BR024-47217,PH47,48.77064815,38.73504342,73.01774737,51.77030093,28.17603657,14.21061038,22.2375859,42.29234241,40.80928587,1526,89.77054398,40.99989583
BR024-47218,PH47,48.88855324,40.96939965,87.03525734,52.88835648,37.08865673,14.7743039,25.5637037,56.68625781,49.43532497,2005,97.89002315,49.00146991
BR024-48111,PH48,51.08920139,24.29467322,67,51.08920139,20.92228183,7.522854061,14.53115017,35.82416963,28.81740227,897,95.08938657,44.00018519
BR024-48112,PH48,50.14885417,19.36228115,90.97999283,51.14907407,34.10755143,10.75022859,25.62761719,34.7899579,21.57828393,1016,97.15493056,47.00607639
BR024-48113,PH48,50.23703704,18.07217755,41.99611147,53.23708333,20.13592436,6.456502114,13.4239372,26.5623703,21.73356413,781,86.23737269,36.00033565
BR024-48114,PH48,50.40618056,31.7103644,87.03122648,52.39952546,28.57425378,9.628520744,20.90626143,55.0967292,36.60386639,1239,88.40030093,37.99412037
BR024-48215,PH48,55.52892361,29.26059312,91.987224,59.52908565,36.349229,9.617733524,35.34094752,63.84040465,25.3247313,1424,95.52909722,40.00017361
BR024-48216,PH48,49.60752315,48.78565864,93.98694626,54.60752315,17.75726769,5.435996043,9.81084886,92.62331981,74.43290692,1207,81.60787037,32.00034722
BR024-48217,PH48,48.71346065,28.89607023,93.00645878,51.71319444,28.24605538,6.235047658,20.64613186,75.86148911,33.29921579,1158,97.71340278,48.99994213
BR024-48218,PH48,48.78763889,27.46191001,9.001666975,58.78729167,25.01646825,9.333109568,16.90366431,44.03677006,34.51914268,990,95.78752315,46.99988426
BR024-49111,PH49,49.09024306,39.29537452,82,51.09030093,30.04933824,12.76739207,21.40338822,52.32078694,46.18427653,1582,102.0904861,53.00024306
BR024-49112,PH49,47.17373843,42.22371629,97.07078078,48.17300926,27.36140021,11.60159893,19.25725767,57.96614794,50.59131559,1507,97.17902778,50.00528935
BR024-49113,PH49,47.23039352,36.92337689,82.99423651,49.23009259,34.66638503,13.09495756,23.60489614,56.5103015,45.64730951,1650,95.23295139,48.00255787
BR024-49114,PH49,46.28390046,23.17826701,95.04290131,48.28351852,44.36914975,18.08666415,32.87474682,32.17840477,26.19031577,1416,104.2835532,57.99965278
BR024-49215,PH49,48.52011574,35.46449217,80.9971876,52.52008102,37.16111298,11.68190236,25.81376382,64.84389073,42.91315314,1701,104.5200116,55.99989583
BR024-49216,PH49,48.70274306,24.40111294,64.99473422,48.70274306,34.52301549,12.07865284,20.6217563,37.75255453,33.82350126,1266,102.7026505,53.99990741
BR024-49217,PH49,45.71570602,32.48225949,89,46.71570602,30.3611884,16.13021135,22.52358135,34.65546655,36.67267595,1368,104.7155208,58.99981481
BR024-49218,PH49,53.86545139,40.58274848,84.96951325,55.86576389,27.40080556,11.61940421,20.36783179,55.08027678,45.90572083,1480,103.8661806,50.00072917
