code;location;barcode;L;C5;juvenile colour;BBCH51;BBCH61
PH01;1;BR024-01111;L1;C5;G;38;46
PH01;1;BR024-01112;L2;C5;G;41;52
PH01;1;BR024-01113;L5;C5;G;38;46
PH01;1;BR024-0111X;L6;C5;G;39;49
PH01;1;BR024-01114;L7;C5;G;41;50
PH01;2;BR024-01215;L1;C6;G;40;550
PH01;2;BR024-01216;L2;C6;G;39;47
PH01;2;BR024-01217;L5;C6;G;41;50
PH01;2;BR024-0121Y;L6;C6;;46;53
PH01;2;BR024-01218;L7;C6;G;41;50
PH02;1;BR024-02111;L1;C5;G;39;50
PH02;1;BR024-02112;L2;C5;G;39;50
PH02;1;BR024-02113;L5;C5;G;39;49
PH02;1;BR024-02114;L7;C5;G;39;50
PH02;2;BR024-02215;L1;C6;G;39;49
PH02;2;BR024-02216;L2;C6;G;38;46
PH02;2;BR024-02217;L4;C6;G;38;48
PH02;2;BR024-02218;L6;C6;G;39;48
PH03;1;BR024-03111;L1;C5;G;39;50
PH03;1;BR024-03112;L3;C5;P;39;51
PH03;1;BR024-03113;L4;C5;G;40;53
PH03;1;BR024-03114;L7;C5;G;39;53
PH03;2;BR024-03215;L2;C6;G;41;54
PH03;2;BR024-03216;L3;C6;G;39;54
PH03;2;BR024-03217;L4;C6;G;37;45
PH03;2;BR024-03218;L5;C6;G;39;51
PH04;1;BR024-04111;L1;C5;G;72;
PH04;1;BR024-04112;L3;C5;G;70;
PH04;1;BR024-04113;L5;C5;G;;
PH04;1;BR024-04114;L5;C5;G;71;
PH04;1;BR024-0411X;L6;C5;G;;
PH04;2;BR024-04215;L2;C6;G;73;
PH04;2;BR024-04216;L2;C6;G;72;123
PH04;2;BR024-04217;L4;C6;G;71;
PH04;2;BR024-0421Y;L6;C6;;;
PH04;2;BR024-04218;L7;C6;G;74;
PH05;1;BR024-05111;L1;C5;G;67;
PH05;1;BR024-05112;L3;C5;G;68;
PH05;1;BR024-05113;L4;C5;G;72;
PH05;1;BR024-05114;L7;C5;G;72;
PH05;2;BR024-05215;L1;C6;G;72;
PH05;2;BR024-05216;L3;C6;G;70;
PH05;2;BR024-05217;L4;C6;G;70;
PH05;2;BR024-05218;L5;C6;G;72;
PH06;1;BR024-06112;L3;C5;G;46;60
PH06;1;BR024-06113;L5;C5;G;43;59
PH06;1;BR024-06111;L6;C5;G;43;66
PH06;1;BR024-06114;L7;C5;G;46;60
PH06;2;BR024-06215;L1;C6;G;46;59
PH06;2;BR024-06216;L3;C6;G;41;57
PH06;2;BR024-06217;L4;C6;G;41;57
PH06;2;BR024-06218;L7;C6;G;41;57
PH07;1;BR024-07111;L1;C5;G;48;63
PH07;1;BR024-07112;L3;C5;P;46;64
PH07;1;BR024-07113;L5;C5;G;46;62
PH07;1;BR024-07114;L5;C5;G;48;62
PH07;2;BR024-07215;L1;C6;G+P;46;60
PH07;2;BR024-07216;L3;C6;G;48;63
PH07;2;BR024-07217;L5;C6;P;46;61
PH07;2;BR024-07218;L7;C6;G;46;61
PH08;1;BR024-08111;L1;C5;P;50;65
pH08;1;BR024-08112;L3;C5;P;50;66
PH08;1;BR024-08113;L4;C5;P;53;72
PH08;1;BR024-08114;L7;C5;P;50;67
PH08;2;BR024-08215;L1;C6;P;50;67
PH08;2;BR024-08216;L3;C6;P;50;64
PH08;2;BR024-08217;L5;C6;P;50;66
PH08;2;BR024-08218;L5;C6;P;53;67
PH09;1;BR024-09111;L1;C5;G;38;46
PH09;1;BR024-09112;L3;C5;G;42;53
PH09;1;BR024-09113;L4;C5;G;39;50
PH09;1;BR024-09114;L5;C5;G;39;48
PH09;2;BR024-09215;L2;C6;G;39;50
PH09;2;BR024-09216;L2;C6;G;39;50
PH09;2;BR024-09217;L4;C6;G;39;48
PH09;2;BR024-09218;L7;C6;G;40;48
PH10;1;BR024-10111;L1;C5;P;50;63
PH10;1;BR024-10112;L2;C5;P;47;57
PH10;1;BR024-10113;L4;C5;P;48;60
PH10;1;BR024-10114;L5;C5;P;50;64
PH10;1;BR024-1011X;L6;C5;P;50;66
PH10;2;BR024-10215;L2;C6;P;48;59
PH10;2;BR024-10216;L3;C6;P;47;57
PH10;2;BR024-10217;L4;C6;P;50;62
PH10;2;BR024-1021Y;L6;C6;;50;62
PH10;2;BR024-10218;L7;C6;P;46;59
PH11;1;BR024-11111;L1;C5;G;37;46
PH11;1;BR024-11112;L3;C5;P;38;50
PH11;1;BR024-11113;L4;C5;G;37;49
PH11;1;BR024-11114;L7;C5;G;38;50
PH11;2;BR024-11215;L2;C6;G;40;50
PH11;2;BR024-11216;L2;C6;G;38;50
PH11;2;BR024-11217;L4;C6;G;38;50
PH11;2;BR024-11218;L7;C6;G;37;46
PH12;1;BR024-12112;L2;C5;G;35;46
PH12;1;BR024-12113;L5;C5;G;35;47
PH12;1;BR024-12111;L6;C5;G;35;46
PH12;1;BR024-1211X;L6;C5;G;38;48
PH12;1;BR024-12114;L7;C5;G;35;48
PH12;2;BR024-12215;L1;C6;G;35;46
PH12;2;BR024-12216;L2;C6;G;39;50
PH12;2;BR024-12217;L4;C6;G;38;49
PH12;2;BR024-12218;L5;C6;G;36;46
PH12;2;BR024-1221Y;L6;C6;;39;49
PH13;1;BR024-13111;L1;C5;G;46;55
PH13;1;BR024-13112;L2;C5;G;42;53
PH13;1;BR024-13113;L4;C5;G;46;55
PH13;1;BR024-13114;L5;C5;G;47;55
PH13;2;BR024-13215;L1;C6;G;46;56
PH13;2;BR024-13216;L3;C6;G;43;54
PH13;2;BR024-13217;L4;C6;G;43;53
PH13;2;BR024-13218;L7;C6;G;41;50
PH14;1;BR024-14113;L5;C5;G;46;57
PH14;1;BR024-14114;L7;C5;G;48;62
PH14;2;BR024-14215;L1;C6;G;48;60
PH14;2;BR024-14216;L3;C6;G;46;55
PH14;2;BR024-14217;L4;C6;G;47;58
PH14;2;BR024-14218;L7;C6;G;46;59
PH14 ;1;BR024-14111;L1;C5;G;44;57
PH14 ;1;BR024-14112;L2;C5;G;46;57
PH15 (2016);1;BR024-15111;L1;C5;G ;64;75
PH15 (2016);1;BR024-15112;L2;C5;G;36;46
PH15 (2016);1;BR024-15113;L4;C5;G;42;57
PH16;1;BR024-16112;L2;C5;G;50;63
PH16;1;BR024-16113;L4;C5;G;56;
PH16;1;BR024-16114;L5;C5;G;64;
PH16;1;BR024-16111;L6;C5;G;55;67
PH16;2;BR024-16215;L2;C6;G;57;70
PH16;2;BR024-16216;L2;C6;G;64;
PH16;2;BR024-16217;L4;C6;G;55;70
PH16;2;BR024-16218;L7;C6;G;53;72
PH17;1;BR024-17111;L1;C5;G;39;50
PH17;1;BR024-17112;L3;C5;G;41;55
PH17;1;BR024-17113;L5;C5;G;40;50
PH17;1;BR024-17114;L5;C5;G;40;53
PH17;2;BR024-17215;L1;C6;G;39;50
PH17;2;BR024-17216;L3;C6;G;41;50
PH17;2;BR024-17217;L5;C6;G;41;53
PH17;2;BR024-17218;L7;C6;G;46;55
PH18;1;BR024-18112;L3;C5;G;57;73
PH18;1;BR024-18113;L4;C5;G;50;61
PH18;1;BR024-18111;L6;C5;G;46;59
PH18;1;BR024-18114;L7;C5;G;46;61
PH18;2;BR024-18215;L1;C6;G;48;60
PH18;2;BR024-18216;L3;C6;G;50;64
PH18;2;BR024-18217;L5;C6;G;46;57
PH18;2;BR024-18218;L7;C6;G;53;65
PH19;1;BR024-19111;L1;C5;G;53;66
PH19;1;BR024-19112;L3;C5;G;50;63
PH19;1;BR024-19113;L4;C5;G;50;64
PH19;1;BR024-19114;L5;C5;G;50;66
PH19;1;BR024-1911X;L6;C5;G;53;64
PH19;2;BR024-19215;L1;C6;G;53;68
PH19;2;BR024-19216;L3;C6;G;52;64
PH19;2;BR024-19217;L5;C6;G;48;62
PH19;2;BR024-1921Y;L6;C6;;;
PH19;2;BR024-19218;L7;C6;G;58;72
PH20;1;BR024-20111;L1;C5;G;40;57
PH20;1;BR024-20112;L3;C5;P;41;50
PH20;1;BR024-20113;L4;C5;G;41;50
PH20;1;BR024-20114;L5;C5;G;41;52
PH20;2;BR024-20215;L1;C6;G;40;51
PH20;2;BR024-20216;L2;C6;G;40;50
PH20;2;BR024-20217;L5;C6;G;40;60
PH20;2;BR024-20218;L7;C6;G;41;51
PH21;1;BR024-21111;L1;C5;G;53;66
PH21;1;BR024-21112;L3;C5;G;50;64
PH21;1;BR024-21113;L4;C5;G;50;67
PH21;1;BR024-21114;L7;C5;G;53;61
PH21;2;BR024-21215;L2;C6;G;50;
PH21;2;BR024-21216;L2;C6;G;52;67
PH21;2;BR024-21217;L5;C6;G;50;64
PH21;2;BR024-21218;L7;C6;G;50;65
PH22;1;BR024-22112;L3;C5;P;60;
PH22;1;BR024-22113;L5;C5;G;55;68
PH22;1;BR024-22111;L6;C5;G;64;75
PH22;1;BR024-22114;L7;C5;G;58;76
PH22;2;BR024-22215;L2;C6;G;53;66
PH22;2;BR024-22216;L3;C6;G;61;75
PH22;2;BR024-22217;L4;C6;G;50;70
PH22;2;BR024-22218;L5;C6;G;53;67
PH23;1;BR024-23111;L1;C5;P;55;66
PH23;1;BR024-23112;L2;C5;P;56;72
PH23;1;BR024-23113;L5;C5;P;53;64
PH23;1;BR024-23114;L7;C5;P;55;67
PH23;2;BR024-23215;L1;C6;P;56;67
PH23;2;BR024-23216;L3;C6;P;58;
PH23;2;BR024-23217;L5;C6;P;56;64
PH23;2;BR024-23218;L5;C6;P;56;64
PH24;1;BR024-24111;L1;C5;P;50;63
PH24;1;BR024-24112;L2;C5;P;46;57
PH24;1;BR024-24113;L5;C5;P;48;63
PH24;1;BR024-24114;L7;C5;P;50;66
PH24;2;BR024-24215;L2;C6;P;48;60
PH24;2;BR024-24216;L3;C6;P;49;62
PH24;2;BR024-24217;L4;C6;P;53;64
PH24;2;BR024-24218;L7;C6;P;48;63
PH25;1;BR024-25111;L1;C5;G;48;64
PH25;1;BR024-25112;L3;C5;G;49;63
PH25;1;BR024-25113;L4;C5;G;53;66
PH25;1;BR024-25114;L5;C5;G;48;62
PH25;2;BR024-25215;L1;C6;G;48;60
PH25;2;BR024-25216;L3;C6;G;46;59
PH25;2;BR024-25217;L5;C6;G;48;61
PH25;2;BR024-25218;L5;C6;G;46;60
PH26;1;BR024-26111;L1;C5;P;39;59
PH26;1;BR024-26112;L2;C5;P;39;52
PH26;1;BR024-26113;L4;C5;P;40;53
PH26;1;BR024-26114;L7;C5;P;39;52
PH26;2;BR024-26215;L2;C6;P;38;48
PH26;2;BR024-26216;L3;C6;P;40;53
PH26;2;BR024-26217;L4;C6;P;39;50
PH26;2;BR024-26218;L5;C6;P;39;50
PH27;1;BR024-27111;L1;C5;P;51;66
PH27;1;BR024-27112;L3;C5;P;53;64
PH27;1;BR024-27113;L4;C5;P;54;67
PH27;1;BR024-27114;L5;C5;G;53;67
PH27;2;BR024-27215;L2;C6;P;50;64
PH27;2;BR024-27216;L3;C6;P;53;66
PH27;2;BR024-27217;L4;C6;P;48;58
PH27;2;BR024-27218;L7;C6;P;53;65
PH28;1;BR024-28111;L1;C5;G;39;50
PH28;1;BR024-28112;L2;C5;G;41;53
PH28;1;BR024-28123;L3;C5;G;40;50
PH28;1;BR024-28114;L5;C5;G;48;60
PH28;2;BR024-28215;L1;C6;G;43;55
PH28;2;BR024-28216;L3;C6;G;42;55
PH28;2;BR024-28217;L4;C6;G;36;46
PH28;2;BR024-28218;L7;C6;G;46;53
PH29;1;BR024-29111;L1;C5;G;39;52
PH29;1;BR024-29112;L2;C5;G;46;57
PH29;1;BR024-29113;L4;C5;G;46;61
PH29;1;BR024-29114;L5;C5;G;48;62
PH29;2;BR024-29215;L1;C6;G;46;55
PH29;2;BR024-29216;L2;C6;G;46;58
PH29;2;BR024-29217;L4;C6;G;42;59
PH29;2;BR024-29218;L7;C6;G;41;57
PH30;1;BR024-30111;L1;C5;P;56;67
PH30;1;BR024-30112;L3;C5;P;55;67
PH30;1;BR024-30113;L4;C5;P;50;64
PH30;1;BR024-30114;L7;C5;P;55;67
PH30;2;BR024-30215;L1;C6;P;51;63
PH30;2;BR024-30216;L2;C6;P;52;63
PH30;2;BR024-30217;L4;C6;P;55;67
PH30;2;BR024-30218;L7;C6;P;49;64
PH31;1;BR024-31111;L1;C5;G;51;66
PH31;1;BR024-31112;L3;C5;G;47;61
PH31;1;BR024-31113;L4;C5;G;50;66
PH31;1;BR024-31114;L7;C5;G;50;67
PH31;2;BR024-31215;L2;C6;G;50;63
PH31;2;BR024-31216;L3;C6;G;50;67
PH31;2;BR024-31217;L5;C6;G;53;67
PH31;2;BR024-31218;L7;C6;G;49;61
PH32;1;BR024-32111;L1;C5;P;48;62
PH32;1;BR024-32112;L2;C5;P;49;60
PH32;1;BR024-32113;L4;C5;P;53;67
PH32;1;BR024-32114;L5;C5;P;50;64
PH32;2;BR024-32215;L1;C6;P;51;64
PH32;2;BR024-32216;L3;C6;P;50;61
PH32;2;BR024-32217;L5;C6;P;50;62
PH32;2;BR024-32218;L7;C6;P;47;60
PH33;1;BR024-33111;L1;C5;P;42;55
PH33;1;BR024-33112;L2;C5;P;43;53
PH33;1;BR024-33113;L4;C5;P;46;57
PH33;1;BR024-33114;L7;C5;G;44;57
PH33;2;BR024-33215;L1;C6;P;48;62
PH33;2;BR024-33216;L3;C6;G;43;54
PH33;2;BR024-33217;L4;C6;P;46;57
PH33;2;BR024-33218;L5;C6;P;46;57
PH34;1;BR024-34111;L1;C5;P;50;62
PH34;1;BR024-34112;L3;C5;P;52;66
PH34;1;BR024-34113;L5;C5;G;50;64
PH34;1;BR024-34114;L7;C5;P;50;64
PH34;2;BR024-34215;L2;C6;P;46;57
PH34;2;BR024-34216;L3;C6;G;60;72
PH34;2;BR024-34217;L4;C6;P;48;60
PH34;2;BR024-34218;L5;C6;P;50;59
PH35;1;BR024-35111;L1;C5;P;55;74
PH35;1;BR024-35112;L3;C5;P;55;72
PH35;1;BR024-35113;L5;C5;P;54;67
PH35;1;BR024-35114;L7;C5;P;53;74
PH35;2;BR024-35215;L2;C6;P;53;67
PH35;2;BR024-35216;L2;C6;P;52;66
PH35;2;BR024-35217;L4;C6;P;53;67
PH35;2;BR024-35218;L7;C6;P;57;72
PH36;1;BR024-36111;L1;C5;G;50;62
PH36;1;BR024-36112;L2;C5;G;48;62
PH36;1;BR024-36113;L4;C5;G;50;63
PH36;1;BR024-36114;L7;C5;G;50;64
PH36;2;BR024-36215;L1;C6;G;46;60
PH36;2;BR024-36216;L3;C6;G;47;61
PH36;2;BR024-36217;L5;C6;G;50;62
PH36;2;BR024-36218;L7;C6;G;46;60
PH37;1;BR024-37111;L2;C5;G;50;62
PH37;1;BR024-37112;L2;C5;P;47;61
PH37;1;BR024-37113;L4;C5;G;46;60
PH37;1;BR024-37114;L7;C5;P;51;67
PH37;2;BR024-37215;L1;C6;P;46;64
PH37;2;BR024-37216;L3;C6;P;49;61
PH37;2;BR024-37217;L4;C6;P;46;57
PH37;2;BR024-37218;L7;C6;G;52;64
PH38;1;BR024-38111;L2;C5;P;48;60
PH38;1;BR024-38112;L3;C5;P;52;64
PH38;1;BR024-38113;L5;C5;P;46;57
PH38;1;BR024-38114;L7;C5;P;50;60
PH38;2;BR024-38215;L1;C6;P;48;60
PH38;2;BR024-38216;L3;C6;P;48;57
PH38;2;BR024-38217;L5;C6;P;50;61
PH38;2;BR024-38218;L5;C6;P;51;62
PH39;1;BR024-39111;L2;C5;G;50;64
PH39;1;BR024-39112;L2;C5;G;50;66
PH39;1;BR024-39113;L3;C5;G;50;63
PH39;1;BR024-39114;L7;C5;G;48;66
PH39;2;BR024-39215;L1;C6;G;50;65
PH39;2;BR024-39216;L3;C6;G;53;66
PH39;2;BR024-39217;L4;C6;G;50;62
PH39;2;BR024-39218;L7;C6;G;50;62
PH40;1;BR024-40111;L2;C5;P;39;50
PH40;1;BR024-40112;L3;C5;P;37;48
PH40;1;BR024-40113;L4;C5;P;38;50
PH40;1;BR024-40114;L7;C5;P;37;46
PH40;2;BR024-40215;L2;C6;P;39;50
PH40;2;BR024-40216;L3;C6;P;37;54
PH40;2;BR024-40217;L4;C6;P;38;52
PH40;2;BR024-40218;L5;C6;P;37;48
PH41;1;BR024-41113;L5;C5;P;46;59
PH41;1;BR024-41114;L7;C5;P;46;63
PH41;2;BR024-41215;L2;C6;P;46;60
PH41;2;BR024-41216;L3;C6;P;44;62
PH41;2;BR024-41217;L5;C6;P;43;55
PH41;2;BR024-41218;L7;C6;G;46;58
PH41 ;1;BR024-41111;L2;C5;G;46;62
PH41 ;1;BR024-41112;L3;C5;G+P;43;57
PH42;1;BR024-42111;L2;C5;G;67;80
PH42;1;BR024-42112;L3;C5;G;61;
PH42;1;BR024-42113;L4;C5;G;66;
PH42;1;BR024-42114;L7;C5;G;71;80
PH42;2;BR024-42215;L2;C6;G;;
PH42;2;BR024-42216;L3;C6;G;73;79
PH42;2;BR024-42217;L5;C6;G;66;78
PH42;2;BR024-42218;L7;C6;G;62;75
PH43;1;BR024-43111;L2;C5;P;59;72
PH43;1;BR024-43112;L2;C5;P;53;67
PH43;1;BR024-43113;L4;C5;P;63;76
PH43;1;BR024-43114;L7;C5;P;53;67
PH43;2;BR024-43215;L1;C6;P;55;69
PH43;2;BR024-43216;L3;C6;P;62;73
PH43;2;BR024-43217;L4;C6;P;58;72
PH43;2;BR024-43218;L5;C6;P;71;
PH44;1;BR024-44111;L2;C5;P;59;72
PH44;1;BR024-44112;L3;C5;P;48;61
PH44;1;BR024-44113;L4;C5;P;53;73
PH44;1;BR024-44114;L7;C5;P;53;67
PH44;2;BR024-44215;L1;C6;P;54;67
PH44;2;BR024-44216;L3;C6;P;53;66
PH44;2;BR024-44217;L4;C6;P;52;64
PH44;2;BR024-44218;L7;C6;P;53;66
PH45;1;BR024-45111;L2;C5;G;54;68
PH45;1;BR024-45112;L3;C5;P;53;67
PH45;1;BR024-45113;L4;C5;P;50;65
PH45;1;BR024-45114;L5;C5;P;55;70
PH45;2;BR024-45215;L1;C6;P;51;66
PH45;2;BR024-45216;L2;C6;P;55;70
PH45;2;BR024-45217;L4;C6;P;57;71
PH45;2;BR024-45218;L5;C6;P;57;74
PH46;1;BR024-46111;L2;C5;P;50;64
PH46;1;BR024-46112;L3;C5;P;48;62
PH46;1;BR024-46113;L4;C5;P;57;72
PH46;1;BR024-46114;L5;C5;P;55;70
PH46;2;BR024-46215;L1;C6;P;47;60
PH46;2;BR024-46216;L2;C6;P;48;60
PH46;2;BR024-46217;L4;C6;P;46;57
PH46;2;BR024-46218;L7;C6;P;49;64
PH47;1;BR024-47111;L2;C5;G;39;52
PH47;1;BR024-47112;L3;C5;G;40;53
PH47;1;BR024-47113;L4;C5;G;39;50
PH47;1;BR024-47114;L7;C5;G;39;52
PH47;2;BR024-47215;L1;C6;G;36;51
PH47;2;BR024-47216;L3;C6;G;38;49
PH47;2;BR024-47217;L5;C6;G;40;50
PH47;2;BR024-47218;L7;C6;P;40;52
PH48;1;BR024-48111;L2;C5;P;46;55
PH48;1;BR024-48112;L3;C5;G;46;56
PH48;1;BR024-48113;L4;C5;P;44;57
PH48;1;BR024-48114;L7;C5;P;46;61
PH48;2;BR024-48215;L1;C6;P;53;65
PH48;2;BR024-48216;L2;C6;P;48;60
PH48;2;BR024-48217;L4;C6;P;46;57
PH48;2;BR024-48218;L5;C6;P;46;55
PH49;1;BR024-49111;L2;C5;G;44;55
PH49;1;BR024-49112;L3;C5;P;41;54
PH49;1;BR024-49113;L4;C5;P;41;53
PH49;1;BR024-49114;L5;C5;P;40;50
PH49;2;BR024-49215;L1;C6;P;44;55
PH49;2;BR024-49216;L4;C6;G;41;53
PH49;2;BR024-49217;L4;C6;P;40;50
PH49;2;BR024-49218;L7;C6;P;48;63
;;;;;;;
;;;;;;;
;;;;;;;
;;;;;;;
;;;;;;;
;;;;;;;
;;;;;;;
;;;;;;;
;;;;;;;
;;;;;;;
;;;;;;;
;;;;;;;
;;;;;;;
;;;;;;;
;;;;;;;
;;;;;;;
;;;;;;;
;;;;;;;
;;;;;;;
;;;;;;;
;;;;;;;
;;;;;;;
;;;;;;;
;;;;;;;
;;;;;;;
;;;;;;;
;;;;;;;
;;;;;;;
;;;;;;;
;;;;;;;
;;;;;;;
;;;;;;;
;;;;;;;
;;;;;;;
;;;;;;;
;;;;;;;
;;;;;;;
;;;;;;;
;;;;;;;
;;;;;;;
;;;;;;;
;;;;;;;
;;;;;;;
;;;;;;;
;;;;;;;
